PTM_1,K4un,R8un,K9me2,K9me3,K9un,K14un,K14ac,R17un,K18un,K18ac,K23ac,K23un,R26un,K27me3,K27ac,K27me1,K27me2,K36me3,K36me1,K36un,K36me2
K4un,,,0.0,0.0,0.0,0.0,0.0,,0.0,0.0,0.0,0.0,,0.0,0.0,0.0,0.0,0.0,0.0,0.0,0.0
R8un,,,0.0,0.0,0.0,0.0,0.0,,0.0,0.0,0.0,0.0,,0.0,0.0,0.0,0.0,0.0,0.0,0.0,0.0
K9me2,,,,,,0.3349320088025778,,0.0,0.0406170401220224,,,0.0283310237452696,0.0,,0.8506065755612069,,,,0.8506065755612069,,
K9me3,,,,,,-0.1200946978107501,0.1369449017457418,0.0,0.3185413676442993,,,0.2221876095222451,0.0,,,,0.9999999999999996,,,,0.9999999999999996
K9un,,,,,,-0.0415654976785473,0.0372411358461467,0.0,-0.2847474934547546,0.7791713301478883,0.6816920902209354,-0.1940723705662819,0.0,0.490901043594974,0.203293918969029,0.7791713301478883,,0.7791713301478883,0.203293918969029,0.490901043594974,
K14un,,,,,,,,0.0,0.1212695086003672,,0.2767424121005172,-0.0880516405752133,0.0,0.1992881256156345,0.3937566654497102,,-0.1200946978107501,,0.3937566654497102,0.1992881256156345,-0.1200946978107501
K14ac,,,,,,,,0.0,-0.109561682803116,0.2580698056982584,,0.1036785346252938,0.0,,,0.2580698056982584,0.1369449017457418,0.2580698056982584,,,0.1369449017457418
R17un,,,,,,,,,0.0,0.0,0.0,0.0,,0.0,0.0,0.0,0.0,0.0,0.0,0.0,0.0
K18un,,,,,,,,,,,0.03356041632431,-0.0398174666832279,0.0,0.0241675730632962,0.0477506773272054,,0.3185413676442993,,0.0477506773272054,0.0241675730632962,0.3185413676442993
K18ac,,,,,,,,,,,,0.0267562992858297,0.0,,,1.0,,1.0,,,
K23ac,,,,,,,,,,,,,0.0,0.7201213724452541,0.4799374543360812,,,,0.4799374543360812,0.7201213724452541,
K23un,,,,,,,,,,,,,0.0,,-0.1210624006935233,0.0267562992858297,0.2221876095222451,0.0267562992858297,-0.1210624006935233,,0.2221876095222451
R26un,,,,,,,,,,,,,,0.0,0.0,0.0,0.0,0.0,0.0,0.0,0.0
K27me3,,,,,,,,,,,,,,,,,,,,1.0,
K27ac,,,,,,,,,,,,,,,,,,,1.0,,
K27me1,,,,,,,,,,,,,,,,,,1.0,,,
K27me2,,,,,,,,,,,,,,,,,,,,,0.9999999999999996
K36me3,,,,,,,,,,,,,,,,,,,,,
K36me1,,,,,,,,,,,,,,,,,,,,,
K36un,,,,,,,,,,,,,,,,,,,,,
K36me2,,,,,,,,,,,,,,,,,,,,,
