PTM Combination,Percentage Abundance
K4unR8un,1.0
K4unK9me2,0.4022440030951766
K4unK14un,1.0
K4unR17un,1.0
K4unK18un,1.0
K4unK23un,0.6808396658796453
K4unR26un,1.0
K4unK27ac,0.4022440030951766
K4unK36me1,0.4022440030951766
R8unK9me2,0.4022440030951766
R8unK14un,1.0
R8unR17un,1.0
R8unK18un,1.0
R8unK23un,0.6808396658796453
R8unR26un,1.0
R8unK27ac,0.4022440030951766
R8unK36me1,0.4022440030951766
K9me2K14un,0.4022440030951766
K9me2R17un,0.4022440030951766
K9me2K18un,0.4022440030951766
K9me2K23un,0.0830836689748219
K9me2R26un,0.4022440030951766
K9me2K27ac,0.4022440030951766
K9me2K36me1,0.4022440030951766
K14unR17un,1.0
K14unK18un,1.0
K14unK23un,0.6808396658796453
K14unR26un,1.0
K14unK27ac,0.4022440030951766
K14unK36me1,0.4022440030951766
R17unK18un,1.0
R17unK23un,0.6808396658796453
R17unR26un,1.0
R17unK27ac,0.4022440030951766
R17unK36me1,0.4022440030951766
K18unK23un,0.6808396658796453
K18unR26un,1.0
K18unK27ac,0.4022440030951766
K18unK36me1,0.4022440030951766
K23unR26un,0.6808396658796453
K23unK27ac,0.0830836689748219
K23unK36me1,0.0830836689748219
R26unK27ac,0.4022440030951766
R26unK36me1,0.4022440030951766
K27acK36me1,0.4022440030951766
K4unK9me3,0.5977559969048234
K4unK27me2,0.5977559969048234
K4unK36me2,0.5977559969048234
R8unK9me3,0.5977559969048234
R8unK27me2,0.5977559969048234
R8unK36me2,0.5977559969048234
K9me3K14un,0.5977559969048234
K9me3R17un,0.5977559969048234
K9me3K18un,0.5977559969048234
K9me3K23un,0.5977559969048234
K9me3R26un,0.5977559969048234
K9me3K27me2,0.5977559969048234
K9me3K36me2,0.5977559969048234
K14unK27me2,0.5977559969048234
K14unK36me2,0.5977559969048234
R17unK27me2,0.5977559969048234
R17unK36me2,0.5977559969048234
K18unK27me2,0.5977559969048234
K18unK36me2,0.5977559969048234
K23unK27me2,0.5977559969048234
K23unK36me2,0.5977559969048234
R26unK27me2,0.5977559969048234
R26unK36me2,0.5977559969048234
K27me2K36me2,0.5977559969048234
K4unK23me1,0.3191603341203547
R8unK23me1,0.3191603341203547
K9me2K23me1,0.3191603341203547
K14unK23me1,0.3191603341203547
R17unK23me1,0.3191603341203547
K18unK23me1,0.3191603341203547
K23me1R26un,0.3191603341203547
K23me1K27ac,0.3191603341203547
K23me1K36me1,0.3191603341203547
