PTM Combination,Percentage Abundance
K4unR8unK9me1K14acR17unK18me1K23unR26unK27me2K36me2,0.2115548372521419
K4unR8unK9acK14unR17me2K18unK23unR26unK27me2K36me2,0.4818483568809412
K4unR8unK9me3K14unR17unK18acK23unR26unK27me2K36me2,0.3065968058669169
