PTM Combination,Percentage Abundance
K4unR8unK9unK14unR17unK18unK23unR26unK27me3K36un,0.0737054806362378
K4unR8unK9unK14acR17unK18unK23unR26unK27me3K36me1,0.1220608575380359
K4unR8unK9unK14unR17unK18unK23acR26unK27me2K36me2,0.0910161652835407
K4unR8unK9me1K14me1R17unK18unK23unR26unK27me2K36me2,0.3034394450207469
K4unR8unK9me3K14unR17unK18unK23unR26unK27me2K36me2,0.1067384163208851
K4unR8unK9unK14unR17unK18unK23acR26unK27me3K36un,0.06446663208852
K4unR8me1K9me1K14unR17me1K18unK23unR26unK27me2K36me2,0.060814315352697
K4unR8unK9me2K14unR17unK18unK23unR26unK27me3K36me1,0.1055065698478561
K4unR8unK9unK14acR17unK18acK23acR26unK27me3K36me1,0.0722521179114799
