PTM Combination,Percentage Abundance
K4unR8unK9me2K14unR17unK18unK23unR26unK27acK36me1,0.0830836689748219
K4unR8unK9me3K14unR17unK18unK23unR26unK27me2K36me2,0.5977559969048234
K4unR8unK9me2K14unR17unK18unK23me1R26unK27acK36me1,0.3191603341203547
