PTM Combination,Percentage Abundance
K4unR8unK9me3K14unR17unK18unK23unR26unK27me2K36me2,0.3005199595678313
K4unR8unK9me2K14unR17unK18unK23unR26unK27acK36me1,0.1015147975397894
K4unR8unK9me3K14acR17unK18unK23unR26unK27me2K36me2,0.4464843149248002
K4unR8unK9unK14unR17unK18unK23acR26unK27me3K36un,0.0213959429300643
K4unR8unK9unK14unR17unK18unK23acR26unK27acK36me1,0.041357271744324
K4unR8unK9unK14acR17unK18acK23unR26unK27me1K36me3,0.0887277132931907
