PTM Combination,Percentage Abundance
K4unR8unK9unK14unR17me2K18me1K23unR26unK27me2K36un,0.0066873092505928
K4unR8unK9unK14me1R17me1K18me1K23unR26unK27me2K36un,0.0145095187018048
K4unR8unK9me2K14unR17unK18unK23unR26unK27me3K36un,0.2204943675837231
K4unR8unK9unK14me2R17unK18unK23unR26unK27me3K36un,0.015883053174437
K4unR8unK9me1K14me1R17unK18unK23unR26me1K27me2K36un,0.0205669444669684
K4unR8unK9me2K14unR17unK18unK23unR26me1K27me1K36me1,0.0473488626487109
K4unR8unK9me2K14unR17unK18unK23unR26unK27acK36me1,0.0438831160702916
K4unR8unK9me2K14unR17unK18unK23unR26unK27me1K36me3,0.0766783712563477
K4unR8unK9me1K14me1R17unK18unK23unR26unK27me2K36me2,0.0872516577219923
K4unR8unK9me2K14unR17unK18unK23unR26me1K27me3K36un,0.0478347639570988
K4unR8unK9unK14unR17unK18unK23acR26me1K27acK36un,0.0062220649140716
K4unR8unK9unK14unR17unK18unK23acR26unK27acK36me1,0.0064594659340327
K4unR8unK9me1K14me1R17unK18unK23unR26me1K27me2K36me2,0.0199358277294873
K4unR8me1K9me1K14unR17me1K18unK23unR26unK27me2K36me2,0.0271115047925716
K4unR8me1K9me1K14me1R17unK18unK23unR26unK27me2K36me2,0.0110746034246792
K4unR8unK9me3K14unR17unK18unK23unR26unK27me2K36me2,0.0687741505436945
K4unR8unK9me2K14unR17unK18unK23me1R26unK27me1K36me3,0.0181232555264336
K4unR8me1K9unK14acR17me1K18unK23unR26me1K27me2K36me2,0.0894305057844145
K4unR8unK9me3K14acR17unK18unK23unR26unK27me2K36me2,0.0150657153771423
K4me1R8unK9me1K14acR17unK18me1K23unR26unK27me2K36me2,0.0521859855086717
K4unR8unK9me2K14unR17unK18unK23unR26me1K27me1K36un,0.0092376744936035
K4unR8unK9me1K14me1R17unK18unK23unR26unK27me3K36un,0.0049123512351173
K4unR8unK9me2K14unR17me1K18unK23unR26unK27me1K36me1,0.0026733821351724
K4unR8unK9me3K14unR17unK18unK23unR26unK27me2K36un,0.0171375788240756
K4unR8unK9me2K14unR17unK18unK23me1R26unK27me3K36un,0.006822042037246
K4unR8unK9me1K14me1R17unK18unK23unR26unK27me3K36me2,0.0464831197083852
K4unR8unK9me1K14me1R17unK18me1K23unR26unK27me2K36me2,0.0172128071992321
