PTM Combination,Percentage Abundance
K4unR8unK9unK14unR17unK18acK23unR26unK27me2K36un,0.0019671427931186
K4unR8unK9unK14unR17unK18unK23acR26unK27me2K36un,0.0073451735375277
K4unR8unK9me2K14unR17unK18unK23unR26unK27me3K36un,0.1171546375911544
K4unR8unK9me2K14unR17unK18unK23unR26unK27me3K36me1,0.1174731578644096
K4unR8unK9me1K14me1R17unK18unK23unR26unK27me2K36me2,0.1039016332567177
K4unR8unK9me2K14unR17unK18unK23unR26me2K27unK36me1,0.0396069555864294
K4unR8unK9me1K14me1R17unK18unK23unR26unK27me3K36un,0.0530344257991817
K4unR8unK9me1K14me1R17unK18unK23unR26unK27acK36me2,0.0072331312303525
K4unR8me1K9me1K14unR17me1K18unK23unR26unK27me2K36me2,0.0937057833037755
K4unR8unK9me3K14unR17unK18unK23unR26unK27me2K36me2,0.1041513275412796
K4unR8unK9unK14unR17unK18acK23acR26unK27acK36me1,0.0272871036103232
K4unR8unK9unK14unR17unK18acK23acR26unK27me2K36me2,0.0631726539941482
K4unR8unK9me3K14acR17unK18unK23unR26unK27me2K36me2,0.1088523026294729
K4unR8unK9unK14acR17unK18unK23unR26unK27me3K36un,0.0141397391655088
K4unR8unK9unK14acR17unK18unK23unR26unK27me2K36me1,0.0074332067788797
K4unR8unK9unK14unR17unK18unK23acR26unK27me3K36un,0.0022264407040098
K4unR8unK9unK14unR17unK18acK23unR26unK27me3K36un,0.0014725560371596
K4unR8unK9unK14acR17unK18unK23unR26unK27me2K36me2,0.0196634249092457
K4unR8unK9unK14acR17unK18unK23me1R26unK27me3K36un,0.012142184889014
K4unR8unK9unK14acR17unK18unK23unR26unK27me3K36me1,0.0112522488491654
K4unR8unK9unK14unR17unK18acK23unR26unK27me3K36me1,0.0033260559187149
K4unR8unK9unK14acR17unK18unK23me2R26unK27me2K36un,0.0074300055701032
K4unR8unK9unK14acR17unK18acK23unR26unK27me3K36un,0.0173809630516483
K4unR8unK9unK14unR17unK18acK23acR26unK27me3K36me1,0.0110313654435915
K4unR8me1K9unK14acR17me1K18unK23unR26me1K27me2K36me2,0.0395877483337708
K4unR8unK9me2K14unR17unK18unK23acR26unK27acK36me1,0.0080286316112964
