PTM Combination,Percentage Abundance
K4unR8unK9unK14unR17unK18unK23unR26unK27me2K36un,0.0522026438469106
K4unR8unK9unK14unR17unK18me2K23unR26unK27unK36un,0.0063598218636883
K4unR8unK9unK14unR17unK18unK23unR26unK27me3K36un,0.1835398615244569
K4unR8unK9unK14unR17unK18unK23unR26me1K27me2K36un,0.0245688347273858
K4unR8unK9unK14unR17unK18unK23unR26unK27me2K36me1,0.0550714598779527
K4unR8unK9me2K14unR17unK18unK23unR26unK27acK36me1,0.1482528113477612
K4unR8unK9unK14unR17unK18unK23acR26unK27acK36me1,0.1733273668498499
K4unR8unK9unK14unR17unK18acK23unR26unK27me3K36me1,0.0528554833924362
K4unR8unK9unK14unR17unK18unK23unR26unK27acK36un,0.0233888195864123
K4unR8unK9me1K14me1R17unK18unK23unR26me1K27me2K36me2,0.050204280543236
K4unR8unK9me1K14me1R17unK18unK23unR26unK27me3K36me2,0.0060809091940036
K4unR8unK9unK14acR17unK18acK23unR26unK27me3K36me1,0.1107313948391961
K4me1R8unK9acK14me1R17unK18unK23unR26unK27me3K36me2,0.1134163124067098
