PTM Combination,Percentage Abundance
K4unR8unK9me1K14me1R17unK18unK23unR26unK27me2K36un,0.1047576549455925
K4unR8me1K9me1K14unR17unK18unK23unR26unK27me2K36un,0.0955424155310085
K4unR8unK9unK14unR17me2K18unK23unR26unK27me2K36un,0.099282700779602
K4unR8unK9me2K14unR17unK18unK23unR26me1K27me1K36un,0.1020763351198707
K4unR8unK9unK14unR17unK18unK23unR26unK27me2K36me1,0.0038314083453014
K4unR8unK9me2K14unR17unK18unK23unR26unK27me3K36un,0.2220909027059624
K4unR8unK9me2K14unR17me1K18unK23unR26unK27me1K36me1,0.0016514169187436
K4unR8unK9me1K14me1R17unK18me1K23unR26unK27me2K36un,0.0076216447930869
K4unR8unK9me1K14me1R17unK18unK23unR26unK27me3K36un,0.0074869279225387
K4unR8unK9unK14me1R17unK18me1K23unR26unK27me3K36un,0.0030173551657411
K4unR8unK9me1K14unR17me1K18unK23unR26unK27me3K36un,0.0065735778136753
K4unR8unK9me2K14unR17unK18unK23unR26unK27acK36me1,0.0657469793147543
K4unR8unK9me2K14unR17unK18unK23unR26unK27me1K36me3,0.0341666202473704
K4unR8me1K9me1K14unR17unK18unK23unR26unK27me2K36me2,0.0078499066366676
K4unR8unK9unK14unR17unK18unK23acR26unK27acK36me1,0.0082080415981477
K4unR8unK9me1K14me1R17unK18unK23unR26unK27me3K36me2,0.0009990239838412
K4unR8me1K9unK14acR17me1K18unK23unR26unK27me2K36me2,0.0143962383416928
K4unR8unK9me1K14me1R17unK18acK23unR26unK27me2K36me2,0.011067066599177
K4unR8unK9me1K14acR17unK18me1K23unR26unK27me2K36me2,0.002774259329673
K4unR8unK9me3K14acR17unK18unK23unR26unK27me2K36me2,0.0201893665098098
K4me1R8unK9me1K14unR17unK18acK23acR26unK27me3K36me2,0.0058503449962824
K4unR8unK9unK14unR17unK18unK23unR26unK27me3K36un,0.0028956558804368
K4unR8unK9unK14unR17unK18unK23me2R26unK27unK36me1,0.0023552747255408
K4unR8unK9me2K14unR17unK18unK23unR26unK27me1K36me1,0.0066849841246006
K4unR8unK9unK14me2R17unK18unK23unR26me1K27me1K36un,0.0065212047381588
K4unR8unK9unK14me1R17me1K18unK23unR26unK27me2K36un,0.0513637585583054
K4unR8unK9me1K14unR17me1K18unK23unR26unK27me2K36un,0.0051310477279167
K4unR8unK9me2K14unR17unK18unK23me1R26unK27me1K36un,0.0129870090553955
K4me1R8unK9me1K14unR17unK18unK23unR26unK27me2K36un,0.0010889361423869
K4unR8unK9me2K14unR17unK18unK23unR26me1K27me1K36me1,0.0388160173212594
K4unR8me1K9me1K14unR17unK18unK23unR26unK27me3K36un,0.0192575495939724
K4unR8unK9me2K14unR17unK18unK23me1R26unK27acK36me1,0.0150598324545958
K4unR8me1K9me1K14unR17me1K18unK23unR26unK27me2K36me2,0.0045588794462621
K4unR8unK9me3K14unR17unK18unK23unR26unK27me2K36me2,0.008099662632628
