PTM Combination,Percentage Abundance
K4unR8unK9me2K14unR17unK18unK23unR26unK27acK36me1,0.0103648533876036
K4unR8unK9me2K14unR17unK18unK23unR26me1K27me3K36un,0.0233471820513988
K4unR8unK9me2K14unR17unK18unK23unR26unK27me1K36me3,0.0453248208358877
K4unR8me1K9me1K14unR17unK18unK23unR26unK27me2K36me2,0.0315010207281811
K4unR8unK9unK14acR17unK18unK23unR26unK27me3K36un,0.0014652195072303
K4unR8unK9me3K14unR17unK18unK23unR26unK27me2K36me2,0.0911151643353846
K4unR8me1K9me1K14me1R17unK18unK23unR26unK27me2K36me2,0.0049097821000869
K4unR8unK9unK14me3R17unK18unK23unR26unK27me2K36me2,0.0048603094200123
K4me1R8unK9me1K14unR17unK18unK23unR26unK27me3K36me2,0.0040330041620254
K4unR8unK9me3K14unR17unK18unK23unR26unK27acK36me2,0.0080688415612357
K4unR8unK9acK14unR17unK18unK23unR26unK27me3K36me2,0.0301173112753468
K4unR8unK9me3K14acR17unK18unK23unR26unK27me2K36me2,0.0686155560849108
K4unR8unK9unK14unR17unK18unK23unR26unK27acK36me1,0.0010419774600726
K4unR8unK9me1K14me1R17unK18unK23unR26unK27me3K36un,0.0052186049532395
K4unR8unK9unK14unR17unK18me2K23unR26unK27me3K36un,0.0249837034376538
K4unR8unK9unK14unR17unK18unK23unR26unK27me2K36me3,0.0922541256837091
K4unR8unK9me2K14unR17unK18unK23unR26me1K27me1K36me1,0.022384535232503
K4unR8unK9unK14unR17unK18unK23unR26me2K27me3K36un,0.0099535981131512
K4unR8unK9unK14unR17unK18unK23me2R26unK27me3K36un,0.0302472043032078
K4unR8unK9unK14me3R17unK18unK23unR26unK27me2K36un,0.0181309744527003
K4unR8unK9me1K14me1R17unK18unK23unR26unK27me2K36me2,0.1632635492485274
K4unR8unK9me1K14unR17me1K18unK23unR26unK27me2K36me2,0.0162322696561823
K4unR8unK9me1K14me1R17unK18unK23unR26unK27me3K36me2,0.1310779748282132
K4unR8unK9me1K14me1R17unK18unK23unR26me1K27me2K36me2,0.0135265281446154
K4me1R8unK9me1K14unR17unK18unK23unR26me1K27me2K36me2,0.0104775290510333
K4unR8unK9me2K14acR17unK18unK23unR26unK27me3K36un,0.025016394635941
K4unR8unK9me1K14acR17unK18me1K23unR26unK27me2K36me2,0.0446402671437547
K4unR8me1K9unK14acR17me1K18unK23unR26unK27me2K36me2,0.0156647504539172
K4unR8unK9me1K14acR17unK18unK23unR26unK27me2K36me2,0.0141276103104552
K4unR8unK9me2K14me2R17unK18unK23unR26unK27me3K36me1,0.0094085268670433
K4unR8unK9me1K14me1R17unK18acK23unR26unK27me2K36me2,0.0027412659470389
K4unR8me1K9unK14acR17me1K18unK23unR26me1K27me2K36me2,0.0211100143819478
K4unR8unK9me1K14acR17unK18acK23acR26unK27acK36me2,0.0047755302457876
