PTM Combination,Percentage Abundance
K4unR8unK9unK14unR17unK18unK23unR26unK27me2K36un,0.1911899347293186
K4unR8unK9unK14unR17unK18unK23unR26unK27me1K36me1,0.017547033285094
K4unR8unK9unK14unR17unK18unK23unR26unK27acK36un,0.023479724740837
K4unR8unK9unK14unR17unK18unK23unR26unK27me3K36un,0.1930579757228506
K4unR8unK9me2K14unR17unK18unK23unR26me1K27me1K36me1,0.0675558935585811
K4unR8me1K9me1K14unR17unK18unK23unR26unK27me2K36me2,0.2626332732803686
K4unR8unK9unK14acR17unK18unK23unR26unK27me3K36me1,0.0799233586343365
K4unR8unK9unK14acR17unK18me1K23me3R26unK27me3K36un,0.1646128060486133
