PTM Combination,Percentage Abundance
K4unR8unK9me2K14unR17unK18unK23unR26unK27me1K36me3,0.0093167842564144
K4unR8unK9me1K14me1R17unK18unK23unR26unK27me2K36me2,0.0214476968870484
K4unR8unK9me2K14unR17unK18unK23unR26unK27acK36me1,0.0268694892952446
K4unR8unK9me2K14unR17unK18unK23me1R26unK27me3K36un,0.0085867159937374
K4unR8unK9unK14me2R17unK18unK23unR26unK27acK36me1,0.0104248311231724
K4unR8unK9me2K14unR17unK18unK23unR26unK27me3K36un,0.0679953736454418
K4unR8unK9me2K14acR17unK18unK23unR26unK27me3K36un,0.0114396777861844
K4unR8unK9unK14unR17unK18unK23unR26unK27acK36me1,0.0143696591914494
K4unR8unK9unK14unR17unK18unK23unR26me2K27me3K36un,0.0665546538292015
K4unR8unK9unK14unR17unK18unK23unR26unK27me2K36me2,0.0410262119100799
K4unR8unK9unK14unR17unK18unK23unR26me1K27me3K36me1,0.1640718392348263
K4unR8unK9me1K14me1R17unK18unK23unR26unK27me3K36un,0.0069375901663429
K4unR8me1K9unK14unR17me1K18unK23unR26unK27me3K36me1,0.0219350562858036
K4unR8me1K9unK14unR17me1K18unK23unR26unK27me2K36me2,0.0425355374318554
K4unR8me1K9unK14me1R17unK18unK23unR26unK27me2K36me2,0.006772548138876
K4unR8me1K9me1K14unR17unK18unK23unR26unK27me2K36me2,0.0673267916282917
K4unR8unK9me1K14me1R17unK18unK23unR26unK27me3K36me2,0.0288312241393705
K4me1R8unK9me1K14unR17unK18unK23unR26unK27me3K36me2,0.0307088199106701
K4me1R8unK9me1K14unR17unK18unK23unR26me1K27me2K36me2,0.0290344523614278
K4unR8unK9me3K14unR17unK18unK23unR26unK27me2K36me2,0.1336393838172085
K4unR8me1K9me1K14me1R17unK18unK23unR26unK27me2K36me2,0.0443620025358222
K4unR8unK9me1K14me1R17unK18unK23unR26me1K27me2K36me2,0.1269399719493275
K4unR8unK9me3K14acR17unK18unK23unR26unK27me2K36me2,0.0188736884822023
