PTM Combination,Percentage Abundance
K4unR8unK9me1K14acR17unK18me1K23unR26unK27me2,0.2115548372521419
K4unR8unK9me1K14acR17unK18me1K23unR26unK36me2,0.2115548372521419
K4unR8unK9me1K14acR17unK18me1K23unK27me2K36me2,0.2115548372521419
K4unR8unK9me1K14acR17unK18me1R26unK27me2K36me2,0.2115548372521419
K4unR8unK9me1K14acR17unK23unR26unK27me2K36me2,0.2115548372521419
K4unR8unK9me1K14acK18me1K23unR26unK27me2K36me2,0.2115548372521419
K4unR8unK9me1R17unK18me1K23unR26unK27me2K36me2,0.2115548372521419
K4unR8unK14acR17unK18me1K23unR26unK27me2K36me2,0.2115548372521419
K4unK9me1K14acR17unK18me1K23unR26unK27me2K36me2,0.2115548372521419
R8unK9me1K14acR17unK18me1K23unR26unK27me2K36me2,0.2115548372521419
K4unR8unK9acK14unR17me2K18unK23unR26unK27me2,0.4818483568809412
K4unR8unK9acK14unR17me2K18unK23unR26unK36me2,0.4818483568809412
K4unR8unK9acK14unR17me2K18unK23unK27me2K36me2,0.4818483568809412
K4unR8unK9acK14unR17me2K18unR26unK27me2K36me2,0.4818483568809412
K4unR8unK9acK14unR17me2K23unR26unK27me2K36me2,0.4818483568809412
K4unR8unK9acK14unK18unK23unR26unK27me2K36me2,0.4818483568809412
K4unR8unK9acR17me2K18unK23unR26unK27me2K36me2,0.4818483568809412
K4unR8unK14unR17me2K18unK23unR26unK27me2K36me2,0.4818483568809412
K4unK9acK14unR17me2K18unK23unR26unK27me2K36me2,0.4818483568809412
R8unK9acK14unR17me2K18unK23unR26unK27me2K36me2,0.4818483568809412
K4unR8unK9me3K14unR17unK18acK23unR26unK27me2,0.3065968058669169
K4unR8unK9me3K14unR17unK18acK23unR26unK36me2,0.3065968058669169
K4unR8unK9me3K14unR17unK18acK23unK27me2K36me2,0.3065968058669169
K4unR8unK9me3K14unR17unK18acR26unK27me2K36me2,0.3065968058669169
K4unR8unK9me3K14unR17unK23unR26unK27me2K36me2,0.3065968058669169
K4unR8unK9me3K14unK18acK23unR26unK27me2K36me2,0.3065968058669169
K4unR8unK9me3R17unK18acK23unR26unK27me2K36me2,0.3065968058669169
K4unR8unK14unR17unK18acK23unR26unK27me2K36me2,0.3065968058669169
K4unK9me3K14unR17unK18acK23unR26unK27me2K36me2,0.3065968058669169
R8unK9me3K14unR17unK18acK23unR26unK27me2K36me2,0.3065968058669169
