PTM Combination,Percentage Abundance
K4un,0.944897819421975
R8un,0.9719547661290542
K9un,0.4638621068830783
K14un,0.5875729708384358
R17un,0.963616537722908
K18un,0.8337939309165507
K23un,0.856056663906344
R26un,0.8930172894791469
K27me2,0.6721509918531653
K36un,0.11857047879797
K27me3,0.1315725364480307
K36me1,0.0509296733376558
R26me1,0.0632280711801451
K27un,0.1057011628892892
K36me3,0.0572269770608324
K27me1,0.082873848904446
K36me2,0.773272870803532
R26me2,0.0437546393406984
K9me1,0.3168353723922684
K14me1,0.1644311177051561
R17me2,0.0167525628937213
K23me1,0.0256530456407794
K9me2,0.1368643276030245
K27ac,0.0077014599050596
R8me1,0.0280452338709364
R17me1,0.0196308993833612
K18me1,0.0270249348034255
K14me2,0.0046108264298968
K14me3,0.0004730965461358
K23me2,0.0061886550976778
K18me2,0.0007754595379181
K23ac,0.105360624401312
K9me3,0.0642298080376647
K18ac,0.1384056747420961
K14ac,0.2429119884803654
K9ac,0.0182083850839546
K4me1,0.0551021805780154
K23me3,0.0067410109538772
