PTM Combination,Percentage Abundance
K4un,0.9838133874117528
R8un,0.9866127895002696
K9un,0.6342174688078397
K14un,0.5817831125155801
R17un,0.9816956209387026
K18un,0.7748526137318511
K23un,0.770216361666355
R26un,0.961971247123234
K27me2,0.6762986257459758
K36un,0.0676215897320842
K27un,0.1143037959018058
K36me2,0.7688935542746002
K36me3,0.0812123905430633
K27me3,0.0983195378182146
K36me1,0.0822724654502446
R26me1,0.0235939667709608
K27me1,0.0914246902896502
K27ac,0.0196533502443459
R26me2,0.0144347861057978
K9me3,0.0150289795766536
K9me1,0.2636286738698761
K23me2,0.0235005397914984
R17me2,0.0028928290679791
K18me1,0.0292726746723036
K23me1,0.0219270048936349
R17me1,0.0154115499933112
K14me1,0.0765017429198471
K9me2,0.0779315535093567
R8me1,0.0133872104997231
K18ac,0.1958747115958378
K23ac,0.1350190041457233
K14ac,0.3387155594601521
K23me3,0.0493370895027808
K9ac,0.0091933242362663
K4me1,0.0161866125882399
K14me2,0.0012206238397651
K14me3,0.0017789612646482
K18me2,0.0
