PTM Combination,Percentage Abundance
K4un,0.9764770526267896
R8un,0.9634773298911228
K9un,0.026971085606193
K14un,0.5050860702281741
R17un,0.9788000177301674
K18un,0.9362574688830324
K23me2,0.0017760893462038
R26un,0.9508505607808666
K27me2,0.6574873561514947
K36un,0.2444350853029808
K9me2,0.3040530057232857
K23un,0.970093213827664
K27me1,0.0640667742561389
K36me1,0.1293983174046222
K27me3,0.1706776893879197
R26me1,0.0419151778942426
K27un,0.0134069189391311
K36me3,0.0292402569042433
K9me1,0.2255611404722428
R17me1,0.0160665282458392
K14me1,0.1298509003856864
K9me3,0.4373305100616337
R8me1,0.036522670108874
K14me3,0.0091417628486963
K23me1,0.0093750648507224
K27ac,0.0943612612653121
K36me2,0.5969263403881502
K4me1,0.0235229473732073
R26me2,0.0072342613248876
R17me2,0.0051334540239902
K14ac,0.3531097721251386
K18me1,0.0270128693719099
K14me2,0.002811494412301
K18me2,0.0008688006793995
K18ac,0.0358608610656549
K9ac,0.0060842581366412
K23ac,0.0187556319754064
K23me3,0.0
