PTM Combination,Percentage Abundance
K4un,0.9890163277715152
R8un,0.9884558341202908
K9un,0.6634950367545984
K14un,0.5643802688916526
R17un,0.9637730527597064
K18un,0.7166549756506633
K23un,0.6581471949670304
R26un,0.975863879735874
K27me2,0.7095295221575114
K36un,0.1239594671655867
K14me2,0.0025103335054634
K27un,0.056129058249584
K27me1,0.0625306691955163
K36me2,0.7192238681943156
K27me3,0.1674091727669933
K36me1,0.1107815554880264
R26me1,0.0088709604628891
R26me2,0.0152651598012306
K9me2,0.1346894569441727
K36me3,0.046035109152065
R17me1,0.020484472572025
K23me1,0.0189057634641941
K14me1,0.0987040840819724
K27ac,0.0044015776303886
K23ac,0.1908397226649807
K14ac,0.3289128720030758
K9me1,0.1208610482816328
K9me3,0.05919416159051
K18ac,0.2588610355131198
K23me3,0.0933701115402908
R17me2,0.0157424746682624
K18me1,0.0244839888362107
K23me2,0.0387372073634976
K9ac,0.0217602964290799
R8me1,0.011544165879703
K4me1,0.0109836722284787
K14me3,0.0054924415178297
K18me2,0.0
