PTM Combination,Percentage Abundance
K4un,1.0
R8un,1.0
K9me2,0.4022440030951766
K14un,1.0
R17un,1.0
K18un,1.0
K23un,0.6808396658796453
R26un,1.0
K27ac,0.4022440030951766
K36me1,0.4022440030951766
K9me3,0.5977559969048234
K27me2,0.5977559969048234
K36me2,0.5977559969048234
K23me1,0.3191603341203547
K4me1,0.0
R8me1,0.0
K9me1,0.0
K9ac,0.0
K9un,0.0
K14me1,0.0
K14me2,0.0
K14me3,0.0
K14ac,0.0
R17me1,0.0
R17me2,0.0
K18me1,0.0
K18me2,0.0
K18ac,0.0
K23me2,0.0
K23me3,0.0
K23ac,0.0
R26me1,0.0
R26me2,0.0
K27me1,0.0
K27me3,0.0
K27un,0.0
K36me3,0.0
K36un,0.0
