PTM Combination,Percentage Abundance
K4un,0.9923861631348888
R8un,0.9876924468270932
K9un,0.6380407686714571
K14un,0.5151878541833111
R17un,0.9849885625662976
K18un,0.6878446732531062
K23un,0.6980675187354304
R26un,0.9711965604092117
K27un,0.1086637189976074
K36me2,0.7889386493471428
K27me2,0.5927994438107101
K36un,0.0620149459713985
K36me3,0.0676144291476293
K27me3,0.0879930588414687
K27me1,0.2078969340053268
K36me1,0.0814319755338223
K9me2,0.084713703388837
R26me2,0.0100287584253004
R26me1,0.0187746811654803
K27ac,0.0026468443448797
R17me1,0.0141646943004092
K9me1,0.2360833240073361
K14me1,0.0429736763139993
K9me3,0.0350557629089773
K23ac,0.1787015162759871
K23me1,0.0403303087657154
K18me1,0.0398168063602628
K23me3,0.0485992968199332
K18ac,0.2653567037873989
K14ac,0.432300450691004
K4me1,0.0076138368651039
K18me2,0.0069818165992249
K23me2,0.0343013594029265
K9ac,0.0061064410233855
K14me3,0.0034293280963777
R8me1,0.0123075531728996
K14me2,0.0061086907153004
R17me2,0.0008467431332858
