PTM Combination,Percentage Abundance
K4un,0.9854087270389876
R8un,0.9804928608784704
K9me2,0.2573097651334811
K14un,0.5253972140548472
R17un,0.9396975199051898
K18un,0.9198808027903744
K23un,0.9637060846998868
R26un,0.946026945956473
K27me1,0.0876538894460947
K36un,0.3294036769690442
K36me1,0.0784892400283331
K9me1,0.2537654044150885
K14me1,0.1457701065149934
K27me2,0.6616139937503867
K9un,0.0923009060207872
R17me2,0.0401573467827301
R26me2,0.0126651244877978
R8me1,0.0195071391215252
K27un,0.0544572695545125
K36me2,0.5649448555253913
R26me1,0.041307929555725
K14me2,0.0023046595592402
K18me1,0.0370956440031561
K36me3,0.0271622274772272
K9me3,0.3757480371906974
K9ac,0.020875887239941
K23me1,0.0077023206793994
K27me3,0.1743556602814693
K14me3,0.0101796392187157
R17me1,0.0201451333120757
K27ac,0.0219191869675324
K14ac,0.3163483806521991
K23ac,0.0218801634701457
K18ac,0.0430235532064647
K23me3,0.0049935763829288
K23me2,0.0017178547676347
K4me1,0.0145912729610079
K18me2,0.0
