PTM Combination,Percentage Abundance
K4un,0.9879818060378324
R8un,0.9865885758037268
K9un,0.5556663048488505
K14un,0.5094222214399412
R17un,0.9636803594828036
K18un,0.7378427272493512
K23un,0.8072914333411505
R26un,0.8645923632908699
K27me3,0.0837799016845806
K36un,0.0755009291481811
K27me2,0.6944004824409682
K36me1,0.0572623928396311
R26me1,0.0870231477501065
K27un,0.1220719712296749
K36me2,0.8159044315565619
K27me1,0.0988315138273206
R26me2,0.0483844889590155
K36me3,0.0513322464556177
R17me2,0.0127925359522221
K9me2,0.1440062153760653
K23me1,0.0338570284229181
K9me1,0.2676277373904066
R17me1,0.0235271045649663
K14me1,0.1689943648832875
R8me1,0.013411424196265
K18me1,0.0192612738867488
K27ac,0.0009161308174476
K23ac,0.1300329998607077
K14ac,0.3177290296195551
K18ac,0.2410499907287582
K9ac,0.0140151178666023
K9me3,0.0186846245180677
K23me3,0.0215394809633557
K23me2,0.0072790574118601
K18me2,0.0018460081351338
K14me3,0.0020799739770999
K4me1,0.0120181939621594
K14me2,0.0017744100801086
