PTM Combination,Percentage Abundance
K4un,0.9869586855764724
R8un,0.9804469885966204
K9un,0.7288142578034668
K14un,0.651182648684784
R17un,0.9726454046114876
K18un,0.8260294830135321
K23un,0.8129177391686689
R26un,0.9246945203791628
K27me2,0.6620624487259853
K36un,0.1046721766918813
K27un,0.1139874069902921
K36me2,0.7599652468245369
K27me3,0.1225532687785361
K36me1,0.0722975064533979
R26me1,0.0392495064311206
K27me1,0.0889086572108509
K36me3,0.0630650700301734
K23me1,0.0135685224774772
K27ac,0.0124882182943256
K23ac,0.1156086427052676
R26me2,0.0360559731897064
K9me2,0.0512591617371945
R17me1,0.0193270936454546
K9me1,0.1685472516863566
K14me1,0.0787387207168446
R8me1,0.0195530114033698
K9ac,0.0158440483161814
K18ac,0.1501179799397635
K23me2,0.0179793948242045
K18me1,0.0224867312289231
K14me3,0.0011245257589079
R17me2,0.008027501743048
K14ac,0.2670808900823874
K4me1,0.0130413144235171
K9me3,0.0355352804567906
K18me2,0.0013658058177712
K23me3,0.0399257008243717
K14me2,0.0018732147570661
