PTM Combination,Percentage Abundance
K4un,0.9937074635528316
R8un,0.9683153591406166
K9un,0.1900836197234519
K14un,0.465230751350928
R17me2,0.0579240672667827
K18un,0.8375168183291829
K23un,0.9461018840269
R26un,0.9414317571688028
K27me2,0.703112507281634
K36un,0.2642354916605235
R17un,0.8690427392029846
K36me2,0.5916463037568449
R26me1,0.0307108100241395
K27me3,0.101590133737172
K9me2,0.182656701738727
K27me1,0.1109794696006398
K23me2,0.024685842298808
R26me2,0.0278574328070528
K36me3,0.0758684371822923
K36me1,0.0682497674003344
K9me3,0.1762335373388328
K27un,0.0704903121862868
K9me1,0.4237770271593605
K14me1,0.3158129532079368
R17me1,0.0730331935302277
K14me3,0.0452639034217371
R8me1,0.0316846408593785
K14me2,0.0051696126713121
K14ac,0.168522779348081
K27ac,0.0138275771942624
K23ac,0.0189612857224715
K18ac,0.0588221285235434
K23me1,0.0046334020488654
K9ac,0.0272491140396227
K18me2,0.0047083509612153
K18me1,0.0989527021860536
K4me1,0.0062925364471634
K23me3,0.0056175859029505
