PTM Combination,Percentage Abundance
K4un,0.9825950282764668
R8un,0.9862684887644148
K9un,0.7378407757441825
K14un,0.5993496293008668
R17un,0.9859423874979844
K18un,0.7738582082092584
K23un,0.7556040009023469
R26un,0.911785653775429
K27me2,0.6108336897168988
K36un,0.1215096357306695
K27un,0.1124478109618559
K36me2,0.7444838827471684
K36me3,0.0660150884785193
K27me3,0.1317268785343996
K9me1,0.139241833808816
K36me1,0.0679913930436323
R26me1,0.0431122069153171
K27me1,0.1354883969813133
K27ac,0.009503223805522
R26me2,0.0451021393092435
R17me1,0.0100276258274859
K14me1,0.0487930465873341
K9me2,0.0790439425220001
K23ac,0.1948212222184794
R8me1,0.0137315112355739
K18me1,0.0201190330630771
K9me3,0.0369308139217582
K18ac,0.2060227587276538
K14ac,0.3435210386104238
K23me2,0.0114097887490034
K23me3,0.0110352611513507
K23me1,0.027129726978809
K9ac,0.0069426340032325
K14me2,0.0051791771085941
K14me3,0.0031571083927711
K4me1,0.0174049717235223
R17me2,0.0040299866745187
K18me2,0.0
