PTM Combination,Percentage Abundance
K4un,0.9852184607214024
R8un,0.9901545402331512
K9un,0.5855255524225225
K14un,0.5694513827585166
R17un,0.9688367080274272
K18un,0.7681235218608617
K23un,0.7618215257983043
R26un,0.9127968107843912
K27me2,0.6948555468040661
K36un,0.0736326527330627
K27un,0.1305057655486997
K36me2,0.7971485953215045
K36me1,0.0589702942015754
K27me3,0.089204438642544
K27me1,0.083973014655947
K36me3,0.070248457743847
R26me1,0.0465491545765792
R26me2,0.0406540346390188
K9me1,0.2602914216605985
K14me1,0.1331888565945617
K9me2,0.1107487176177277
R17me1,0.0133673385011817
K18me1,0.0304551195936299
R8me1,0.0098454597668383
K23me1,0.0308369937798313
K14me2,0.0018706787836548
K23me3,0.0223786223708387
K23me2,0.0133780137372195
K14ac,0.2909949638233973
K23ac,0.1715848443137955
K18ac,0.1986083333505452
R17me2,0.0177959534713804
K9ac,0.0139432875852195
K9me3,0.0294910207139215
K4me1,0.0147815392785868
K18me2,0.0028130251949527
K27ac,0.0014612343487329
K14me3,0.0044941180398591
