PTM Combination,Percentage Abundance
K4un,1.0
R8un,1.0
K9me3,0.7470042744926315
K14un,0.464787971782009
R17un,1.0
K18un,0.9112722867068092
K23un,0.9372467853256116
R26un,1.0
K27me2,0.7470042744926315
K36me2,0.7470042744926315
K9me2,0.1015147975397894
K27ac,0.1428720692841134
K36me1,0.1428720692841134
K14ac,0.5352120282179909
K9un,0.151480927967579
K23ac,0.0627532146743883
K27me3,0.0213959429300643
K36un,0.0213959429300643
K18ac,0.0887277132931907
K27me1,0.0887277132931907
K36me3,0.0887277132931907
K4me1,0.0
R8me1,0.0
K9me1,0.0
K9ac,0.0
K14me1,0.0
K14me2,0.0
K14me3,0.0
R17me1,0.0
R17me2,0.0
K18me1,0.0
K18me2,0.0
K23me1,0.0
K23me2,0.0
K23me3,0.0
R26me1,0.0
R26me2,0.0
K27un,0.0
