PTM Combination,Percentage Abundance
K4un,0.9890937357204358
R8un,0.9957196590519556
K9un,0.7669396760211019
K14un,0.5670396582759503
R17un,0.9857522546699884
K18un,0.6573939792970276
K23un,0.6470861836733834
R26un,0.9536012847533364
K27un,0.0583088136407264
K36me2,0.8522326283024269
K27me3,0.0882829938426836
K36un,0.0549747857730571
K27me1,0.0586989658380069
K27me2,0.7928154167770454
K36me1,0.0668040390551152
R26me2,0.0268848797829013
R26me1,0.0195138354637559
K9me3,0.0553240769918162
K23me1,0.0177317136982591
K9me2,0.0750169642112403
K36me3,0.025988546869394
K9me1,0.088742351034166
K14me1,0.0609400282935965
K18me1,0.0269183314208974
K14me2,0.0027765078747807
K14me3,0.0064616464146517
K23ac,0.255690115950697
K27ac,0.0018938099015311
R8me1,0.0042803409480381
K18ac,0.3156876892820687
K14ac,0.3627821591410145
K9ac,0.0139769317416692
K23me3,0.0625146227609892
R17me2,0.0138951001789967
K23me2,0.0169773639166646
K4me1,0.010906264279558
R17me1,0.0003526451510085
K18me2,0.0
