PTM Combination,Percentage Abundance
K4un,0.9915147717048772
R8un,0.999512288457145
K9un,0.815964825676559
K14un,0.5899061193068296
R17un,0.9841085492288442
K18un,0.799891449174057
K23un,0.7291130708490184
R26un,0.9332705315479674
K27me1,0.1066525411608027
K36me2,0.8998943610124592
K27me3,0.063388526027685
K36un,0.0499360892823834
K27me2,0.7818394485314561
K36me1,0.0369773246502174
K27un,0.043643609346048
K36me3,0.0131922250549344
R26me2,0.0314332527781744
R26me1,0.0352962156738526
K23ac,0.1538333924779697
K27ac,0.0044758749340022
K23me3,0.0738719143033118
K9me1,0.116251454956668
K14me1,0.0823830097623014
K9me3,0.0347104541757769
K23me1,0.0217159261218967
K18ac,0.1855218945578518
K23me2,0.0214656962477977
K14me3,0.005138696053666
K14ac,0.3077356309687138
K18me1,0.0141695304259875
K9ac,0.0097931029014886
R8me1,0.0004877115428496
K9me2,0.023280162289502
R17me2,0.0158914507711506
K18me2,0.0004171258420981
K4me1,0.0084852282951176
K14me2,0.0148365439084839
R17me1,0.0
