PTM Combination,Percentage Abundance
K4un,0.9589305400129834
R8un,0.990528925614325
K9me2,0.3116933295531426
K14un,0.4632445122006048
R17un,0.975015433368656
K18un,0.9204586833812328
K23un,0.9723220481787596
R26un,0.9426337189371152
K27me3,0.1709703665995578
K36un,0.2230874699703117
R26me1,0.0553987139581282
K27me1,0.0596060767993738
K36me1,0.1244924395649932
R17me1,0.0169098664617987
K23me1,0.0116198357349861
K9me3,0.4015001267651751
K27me2,0.6530627865750831
K9me1,0.2431840397146457
K14me1,0.1661243054984097
K18me1,0.0460467838458851
K9un,0.0224963211446641
K14me3,0.0103416479739391
K27un,0.0174431214150521
K36me3,0.0399737574430811
K36me2,0.6124463330216106
K27ac,0.0989176486109299
R26me2,0.0019675671047533
K23ac,0.0160581160862508
K14ac,0.3587503202444811
K9ac,0.021126182822369
K18ac,0.0334945327728789
R17me2,0.0080747001695421
K4me1,0.0410694599870135
R8me1,0.0094710743856716
K14me2,0.0015392140825616
K18me2,0.0
K23me2,0.0
K23me3,0.0
