PTM Combination,Percentage Abundance
K4un,0.9881827129616793
R8un,0.9860270734411256
K9un,0.4949199367031739
K14un,0.50934430758184
R17un,0.9492126866087134
K18un,0.8026149964000044
K23un,0.8310042432090955
R26un,0.8716642924080782
K27me2,0.6262098290010956
K36me1,0.0496454033190735
K27me3,0.1525578049588956
K36un,0.1439425462484991
K36me2,0.7605994264439866
R26me2,0.0458031013030877
K27un,0.1329416213602224
K9me1,0.2946336510766449
K14me1,0.2266049676519548
R26me1,0.0825326062888274
K27me1,0.0756091267406162
R17me2,0.0179242216983883
K9me2,0.1832011972756543
R17me1,0.0328630916928912
K18me1,0.0260325141634458
K36me3,0.0458126239884339
K14me2,0.0161387080438782
K23me1,0.0127490686016787
K23me2,0.0204281600343511
K14me3,0.0033302394081264
K23ac,0.0999143699423344
K27ac,0.0126816179391635
K23me3,0.0359041582125334
K14ac,0.2445817773141937
K18ac,0.1689194027221476
K9ac,0.0090896468136508
K9me3,0.0181555681308693
K18me2,0.002433086714395
K4me1,0.0118172870383139
R8me1,0.0139729265588675
