PTM Combination,Percentage Abundance
K4un,0.9991736848065612
R8un,0.9960135847931262
K9un,0.8480249640857176
K14un,0.6978477480689973
R17un,0.9868339851671458
K18un,0.787173222615163
K23un,0.7329989623693767
R26un,0.9420686952238372
K27me1,0.0822280362555159
K36me2,0.8939632990242328
K27me3,0.072009770995315
K36un,0.0429960191911201
K27me2,0.7902805368975823
K36me1,0.0347278071867192
R26me2,0.0288074101966217
K27un,0.0532436098574411
K36me3,0.0283128745979215
R26me1,0.0291238945795347
K23ac,0.182484527182594
K23me3,0.0483886451222484
K9me3,0.0199912731041429
R8me1,0.0039864152068674
K9me1,0.0773088143804419
K18me1,0.0233952627451446
K18ac,0.1873618309771545
K14ac,0.2473466041912829
K23me1,0.0196686361360243
K9ac,0.0153337373530947
K23me2,0.0164592291897499
K27ac,0.0022380459941392
R17me2,0.0131660148328478
K14me1,0.044295134682246
K9me2,0.0393412110765963
K18me2,0.0020696836625315
K14me2,0.0013049805723495
K14me3,0.0092055324851177
K4me1,0.0008263151934324
R17me1,0.0
