PTM Combination,Percentage Abundance
K4un,0.9848872543910124
R8un,0.9772016494096344
K9un,0.5774314120373759
K14un,0.5630104871601462
R17un,0.9850433105427469
K18un,0.7675854535823942
K23un,0.7281126140642615
R26me2,0.0151489875200594
K27un,0.0818568061667021
K36un,0.0727707081085811
R26un,0.9609032797353724
K27me2,0.729919121594118
K36me2,0.7846763013734877
K27me3,0.0996835223262421
K36me3,0.055317091043298
K36me1,0.0872358994746253
K27me1,0.0824334231424602
K9me2,0.0755030914175058
K18me1,0.0243184828260606
K23me1,0.0091802482401659
R26me1,0.0239477327445599
K9me3,0.0346986972404436
K9me1,0.3054497591984695
K14me1,0.0894654189722486
R8me1,0.0227983505903575
R17me1,0.011407608396871
K23ac,0.1996483571675914
K14ac,0.3426962598697895
K4me1,0.0151127456089796
R17me2,0.003549081060374
K18ac,0.207488865679538
K9ac,0.006917040106197
K27ac,0.0061071267704696
K23me3,0.0511606223990879
K23me2,0.0118981581288851
K14me2,0.0039783959691991
K14me3,0.0008494380286081
K18me2,0.000607197911999
