PTM Combination,Percentage Abundance
K4un,0.9430177629620464
R8un,0.9602013792782836
K9un,0.3795320769694907
K14un,0.6491059982419916
R17un,0.9651090867322426
K18un,0.857139286876082
K23un,0.854702297788381
R26un,0.9103975203144988
K27un,0.1026388612298199
K36me2,0.5943074679196717
K27me2,0.5675265335538431
K36un,0.101174062962132
K27me1,0.055369753960141
K27me3,0.2713240801072503
K36me1,0.2371507010936652
K36me3,0.0673677680245222
R26me1,0.055936219195638
R17me2,0.0176390179802072
R26me2,0.0336662604898543
K9me1,0.2408319098377911
K14me1,0.1272974866272729
K9me2,0.2967152225730884
K23me2,0.005243626045734
K23ac,0.0966734245209328
K18me1,0.0339842017556016
K14me2,0.0068772963201007
K23me1,0.0117391015998985
R17me1,0.0172518952875411
R8me1,0.0397986207217074
K9me3,0.0464869859080833
K18ac,0.1087301597312566
K14ac,0.2119820447020897
K27ac,0.0031407711489367
K9ac,0.0364338047115371
K4me1,0.0569822370379448
K23me3,0.0316415500450446
K14me3,0.0047371741085357
K18me2,0.0001463516370508
