PTM Combination,Percentage Abundance
K4un,0.9905493231724894
R8un,0.9815217237780136
K9un,0.6434338527964304
K14un,0.5243010940604935
R17un,0.97554641157669
K18un,0.6813102499778346
K23un,0.7117535698965696
R26un,0.9664366635161844
K27me2,0.6294171973117679
K36un,0.0685676187977696
K27ac,0.0048008577453817
K27un,0.0864888342140354
K36me2,0.7970722577384433
K27me3,0.1033755587181383
K27me1,0.1759175520106669
K36me1,0.0851346008646923
K36me3,0.0492255225990852
R26me1,0.025614508807827
K9me2,0.0639381204943872
K18me1,0.0473729285444693
K14me2,0.0018565283777019
K14me1,0.0356885791282657
R26me2,0.0079488276759795
K9me3,0.0505743855974184
R17me1,0.0218204640117034
K9me1,0.2297236692771801
R8me1,0.0184782762219774
K23me1,0.03314086887086
K23ac,0.1752342781203644
K23me3,0.033401537446906
K23me2,0.0464697456652904
K14ac,0.4341681914463602
K18ac,0.2685885848054912
K18me2,0.0027282366721952
K9ac,0.0123299718345736
R17me2,0.0026331244115973
K14me3,0.0039856069871689
K4me1,0.0094506768275013
