PTM Combination,Percentage Abundance
K4un,0.9861271947133112
R8un,0.9778773538753605
K9me2,0.1784587589015892
K14un,0.4683940642531095
R17un,0.9104167533437924
K18un,0.8476495306877573
K23un,0.9282993413694216
R26me1,0.0257793203653145
K27me1,0.112196915657267
K36un,0.2795186898137159
K9un,0.1344658993577431
K14me2,0.003300128334539
R17me1,0.0545613868324264
K18me1,0.0803477678193244
R26un,0.9655092196930783
K27me2,0.7244190467141997
K23me2,0.0184475151713942
K36me2,0.5908360502145802
R17me2,0.035021859823776
K27un,0.0603169392254978
K27me3,0.0828397801427723
R26me2,0.008711459941602
K9me3,0.2528012977422466
K14me3,0.0592384137948192
K23me1,0.0076951794643553
K36me1,0.0693021066401905
K9me1,0.4044450545757388
K14me1,0.308383656649156
R8me1,0.0221226461246343
K36me3,0.0603431533315085
K23ac,0.042539238591548
K18ac,0.072002701492913
K14ac,0.1606837369683716
K9ac,0.0298289894226775
K4me1,0.0138728052866835
K27ac,0.0202273182602582
K23me3,0.0030187254032756
K18me2,0.0
