PTM Combination,Percentage Abundance
K4un,0.9990820405311592
R8un,0.9624761204317916
K9me1,0.0233207810503331
K14me1,0.0201821649047651
R17un,0.991706502956003
K18un,0.9785756475970584
K23un,0.996470934068898
R26un,0.8547411242102156
K27me2,0.0860101697216997
K36un,0.9031665540424444
K9un,0.0423886878456292
K14un,0.9218410162452336
R17me2,0.005016520816158
R8me1,0.0375238795682052
K9me2,0.8745804786735838
K27me1,0.0410189069614853
K36me1,0.0455465876263572
R26me1,0.0918705540994783
R17me1,0.0032769762278355
K27me3,0.670070763928803
K14me2,0.0013182555953511
K9me3,0.0593613984632458
K27un,0.1887792208429673
K36me2,0.0502196259956484
K27ac,0.0141209385450415
K23me1,0.0004118224811657
K18ac,0.0196177095295512
K18me1,0.0016826578646023
K36me3,0.0010672323355471
K18me2,0.0001239850087851
K14ac,0.0562472666908036
K23me2,0.0004291193175509
K23ac,0.000988359345983
R26me2,0.0533883216903027
K4me1,0.0009179594688374
K9ac,0.0003486539672047
K14me3,0.0004112965638431
K23me3,0.0016997647863992
