PTM Combination,Percentage Abundance
K4un,0.9996000976703348
R8un,0.9766922719208306
K9un,0.2221371594306185
K14un,0.6671667550149547
R17un,0.8818929573334652
K18un,0.9316905068479968
K23un,0.923026140159141
R26un,0.8336668866855392
K27me2,0.3709314486687645
K36un,0.6844336807942193
K23me2,0.0170034192007565
K27un,0.0131956741562067
K27me3,0.3756215481820878
R26me1,0.1476836050399399
K36me1,0.1928872234739889
R26me2,0.018649508274515
K27me1,0.2309923743097263
R17me1,0.0365288640988527
K14me2,0.0203515164083513
K9me2,0.5113806755571602
R17me2,0.0815781785676759
K14me1,0.1923913070926455
K18me1,0.0182741635758544
K27ac,0.0092589546832087
K9me1,0.1977618636046226
R8me1,0.0233077280791631
K23me1,0.0156416450798619
K9me3,0.0519915373102361
K36me2,0.1109284291939025
K18ac,0.0473021214848898
K23ac,0.0372806782731653
K36me3,0.0117506665378832
K14ac,0.1158900851602832
K9ac,0.0167287640973562
K23me3,0.0070481172870692
K18me2,0.002733208091253
K14me3,0.0042003363237587
K4me1,0.000399902329659
