PTM Combination,Percentage Abundance
K4un,0.9984443696433336
R8un,0.9784155006474208
K9un,0.2405386525002104
K14un,0.6247239754451742
R17me2,0.0865857616528485
K18un,0.8971970529332473
K23un,0.920062471269786
R26un,0.8841404532519899
K27me2,0.4013653018525341
K36un,0.7070299278194053
K14me1,0.1755896896558878
R17me1,0.0469404704353777
R17un,0.8664737679117671
R26me2,0.0268954635386082
K9me2,0.4945822598675906
R26me1,0.0889640832093956
K27me1,0.1253973372691405
K14me2,0.0341438618297984
K9me1,0.1857553141348074
K23me2,0.0322948001354516
K18me1,0.0462837401421783
K36me1,0.0852151285972986
K27me3,0.4329617295819905
K9me3,0.0617639107882663
K27un,0.0240032985616201
K36me3,0.0446247133054444
K18me2,0.0144569011600273
K14me3,0.0031425365980378
K23me1,0.0131974740628488
K36me2,0.1631302302778447
R8me1,0.0215844993525722
K27ac,0.0162723327347076
K23ac,0.0295997833496287
K9ac,0.017359862709118
K14ac,0.1623999364710947
K18ac,0.0420623057645404
K4me1,0.0015556303566596
K23me3,0.004845471182278
