PTM Combination,Percentage Abundance
K4un,0.9908770166990412
R8un,0.9492265084987628
K9un,0.1396129608368621
K14un,0.8294039772133761
R17un,0.9243371481710028
K18un,0.9662649868569856
K23un,0.9723444230205284
R26un,0.9129874888723596
K27me2,0.2052416209799459
K36un,0.5948515586438103
R17me2,0.0419743038309343
K23me2,0.0141161074746457
K9me2,0.6944807190574668
R26me1,0.0780143550405462
K27me1,0.1008682606283224
K27me3,0.6592635051905509
K36me1,0.2955203165685096
R8me1,0.0507734915012326
K9me1,0.1168435972357061
R26me2,0.0089981560870897
K14me1,0.0643913052654051
K14me2,0.049642174750441
K23me1,0.0053542130253251
K27un,0.0236134121311424
K18ac,0.0196208291009647
K23ac,0.0068874737609505
K36me3,0.0243308703007133
R17me1,0.0336885479980581
K9ac,0.0056330573237233
K18me2,0.004989491023224
K9me3,0.043429665546237
K27ac,0.0110132010700338
K18me1,0.0091246930188208
K14me3,0.0001808560931361
K36me2,0.0852972544869621
K14ac,0.056381686677637
K4me1,0.009122983300954
K23me3,0.0012977827185457
