PTM Combination,Percentage Abundance
K4un,0.9808512841515892
R8un,0.9876185905606684
K9un,0.4871328632199371
K14un,0.7871252710094059
R17un,0.968973932481791
K18un,0.9136545906405404
K23un,0.8754900342369177
R26un,0.8216870100760405
K27me2,0.4136914836758148
K36un,0.3807816424528517
K27un,0.1197553381134061
K36me2,0.3403435788705268
K27me3,0.3655236907151661
K36me1,0.2039990633951884
R26me1,0.0781443824839568
R26me2,0.1001686074399939
K27me1,0.0932469609100979
K9me2,0.3683344106378231
K23me2,0.0384334646065999
K27ac,0.0077825265855063
R17me2,0.0238683775376436
K9me1,0.0913087647543106
K14me1,0.0539943153613862
K36me3,0.0748757152814243
R17me1,0.0071576899805573
K14me2,0.0052292917233759
K14me3,0.0038001567663773
R8me1,0.0123814094393231
K23ac,0.0551491323751802
K18ac,0.0565110518903194
K14ac,0.1498509651394461
K23me3,0.0144135446893294
K23me1,0.0165138240919641
K9me3,0.042934496172086
K9ac,0.0102894652158344
K18me1,0.0184380199329187
K18me2,0.0113963375362134
K4me1,0.0191487158484026
