PTM Combination,Percentage Abundance
K4un,0.9881033250279851
R8un,0.9819962541471428
K9un,0.0677429525277984
K14un,0.7844672554938922
R17un,0.9420908936438204
K18un,0.9475222895978924
K23me2,0.0106367832297999
R26un,0.9128324261358174
K27un,0.0138839660227238
K36me1,0.2227479598845841
K14me2,0.0061851612623476
K23un,0.9296189024804948
K14me1,0.1355174434935477
R17me1,0.0340879797474188
K27me2,0.2994535050372315
K36un,0.5196637794273513
K9me1,0.1522462505113234
K9me2,0.6443059029644546
K27me1,0.170484569794042
R26me1,0.0848594237104496
K27me3,0.3944755606158864
K9me3,0.1198066327652527
R17me2,0.0238211266087582
K23me1,0.020569913344531
K36me3,0.0405918841153516
K27ac,0.1217023985301136
K36me2,0.2169963765727101
R8me1,0.0180037458528548
K14ac,0.0738301397502102
K23me3,0.0147747673553183
K9ac,0.0158982612311685
K18ac,0.0406604357147715
K23ac,0.0243996335898535
K4me1,0.0118966749720124
K18me1,0.0060337498903795
R26me2,0.0023081501537305
K18me2,0.005783524796954
K14me3,0.0
