PTM Combination,Percentage Abundance
K4un,0.9969552589842536
R8un,0.9989943993234542
K9un,0.7679862420522161
K14un,0.6732934628958562
R17un,0.9358166443949112
K18un,0.8046862553270375
K23un,0.6973497919483559
R26un,0.8461026838362415
K27me2,0.4826119615571694
K36un,0.4700851038757284
K27me3,0.3356422970085598
R26me2,0.123405284758101
K27me1,0.080487199127288
K36me1,0.0620747988012696
R26me1,0.0304920314056511
K23me3,0.0577639805723135
K27un,0.0942394171329153
K36me2,0.4419645396968343
K18me2,0.0269428167548322
K36me3,0.0258755576261613
R17me2,0.0574390060495253
K23ac,0.1547722982772226
K27ac,0.0070191251740608
K18ac,0.1403085234798513
K23me1,0.0370749838780386
K14ac,0.2703540077436104
K23me2,0.0530389453240627
K9me2,0.1167794350402336
R17me1,0.006744349555557
K9me1,0.0449086496565728
K14me1,0.0419360125215329
K18me1,0.0280624044382725
K9me3,0.0509378422969473
K9ac,0.0193878309540233
K14me2,0.0080989086758206
K14me3,0.0063176081631732
R8me1,0.0010056006765392
K4me1,0.0030447410157397
