PTM Combination,Percentage Abundance
K4un,0.9999252652350024
R8un,0.9789853412692044
K9me1,0.1386916261901787
K14me1,0.1127463659326203
R17un,0.9438361682785402
K18un,0.9166892642198392
K23un,0.9268181948060435
R26un,0.9413637353681578
K27me2,0.2368681560547129
K36un,0.6468567122751917
K9un,0.1642047990719153
R17me1,0.0157671573558955
K14un,0.7115243288116785
R26me1,0.0393513564948596
K27me3,0.558627805920402
R26me2,0.0192849081369775
K23me2,0.0273164658230714
K36me1,0.0672593955304933
R17me2,0.0403966743655593
K9me3,0.0625425199301771
K27un,0.0698191730206241
K36me2,0.1655762133104868
K9me2,0.6238975932797247
K14me2,0.0308401190706349
K27me1,0.1238131775753901
K14me3,0.0066295579393933
K36me3,0.1203076788838228
R8me1,0.0210146587307903
K18me2,0.0140621941402606
K18me1,0.013354226077314
K23me3,0.0100408556507552
K27ac,0.0108716874288656
K23ac,0.031996510628754
K14ac,0.138259628245668
K18ac,0.0558943155625809
K9ac,0.010663461527999
K23me1,0.0038279730913705
K4me1,7.473476499247725e-05
