PTM Combination,Percentage Abundance
K4un,0.9894087150795032
R8un,0.9885427495315128
K9un,0.7203827175318308
K14un,0.7167012151129744
R17un,0.978426405016205
K18un,0.8373282059775977
K23un,0.7575049914596187
R26un,0.8635873694742965
K27me2,0.5151287230154951
K36un,0.3441666205465694
R26me1,0.0593106680873639
K27me1,0.084725344347276
K27me3,0.2755648945694621
K36me1,0.0864305424382443
K27ac,0.0117612035366683
K27un,0.1128198345310884
K36me3,0.0675957418199095
K9me2,0.1146441723147947
K18me1,0.0262682343369658
K14me1,0.0523812454183754
K36me2,0.5018070951952666
R26me2,0.0771019624383292
K23me1,0.0351263893720113
K9me3,0.0573003980580404
K23me2,0.024794482531539
K9me1,0.0987850868193276
K14me2,0.0057706927544562
K23ac,0.1530296306789371
K14ac,0.2182882924822474
R17me2,0.0092706784688818
K23me3,0.0295445059578833
R8me1,0.0114572504684765
R17me1,0.0123029165149029
K18me2,0.0172968336573725
K14me3,0.0068585542319363
K18ac,0.1191067260280537
K9ac,0.0088876252759962
K4me1,0.0105912849204866
