PTM Combination,Percentage Abundance
K4un,0.9914042529857932
R8un,0.9733292949874324
K9me2,0.5535735013823391
K14un,0.6301172881109638
R17un,0.852158175665037
K18un,0.9300174006110662
K23un,0.9114911221300818
R26un,0.8072460546426061
K27un,0.0168352863652151
K36un,0.727559091747883
K9un,0.2305132586868325
K27me3,0.3519066217202166
K9me1,0.1773709805499134
K14me1,0.1605332190512745
K27me2,0.3774251203914391
R17me2,0.1092893153630745
K14me2,0.0345289891963382
R26me1,0.1571039534248424
K27me1,0.2412608274658728
R17me1,0.0385525089718824
K36me1,0.1287983064333211
K23me1,0.0138215469841986
K23me2,0.0168829908598398
K27ac,0.0125721440572497
R26me2,0.0356499919325455
K18me2,0.0046119986133327
K36me2,0.106435253820383
K9me3,0.0253638980296644
K36me3,0.0372073479984067
K23ac,0.0544861698112024
R8me1,0.0266707050125616
K18ac,0.048335822887405
K14ac,0.1735761250237688
K18me1,0.01703477788819
K9ac,0.0131783613512441
K4me1,0.0085957470142008
K23me3,0.0033181702146716
K14me3,0.0012443786176481
