PTM Combination,Percentage Abundance
K4un,0.988414384000082
R8un,0.9631530924983146
K9un,0.3295359340843098
K14un,0.7086598760625413
R17un,0.9044970016301058
K18un,0.9308374523096796
K23un,0.9075146926310425
R26un,0.8664517490186631
K27me2,0.3462680627211839
K36un,0.6829614859065104
K18me2,0.007096522673586
K27un,0.0333467936188313
K27me1,0.2432309743024802
K36me1,0.1739743118017981
K36me2,0.1191091271254632
R26me1,0.115373388301585
K27me3,0.355440550566189
K23me2,0.0216279845603305
K27ac,0.0217136187913066
R17me2,0.0846474970327504
K9me2,0.4522299917870263
K9me1,0.1405997764418974
K14me1,0.0931683646265433
K18me1,0.0131673312603142
K14me2,0.0247868804782779
K36me3,0.0239550751662196
K23me3,0.0122886974533131
R26me2,0.0181748626797437
K23me1,0.0170082706905011
R8me1,0.0368469075016772
R17me1,0.0108555013371353
K23ac,0.0415603546648041
K9me3,0.0669193363368897
K9ac,0.0107149613498681
K14ac,0.1658389072522716
K18ac,0.0488986937564115
K4me1,0.0115856159999098
K14me3,0.0075459715803574
