PTM Combination,Percentage Abundance
K4un,0.9766968639137346
R8un,0.9509640504828828
K9un,0.1224545850335736
K14un,0.7050301656926407
R17me2,0.06163634831329
K18un,0.9287520774297386
K23un,0.9113850857851744
R26un,0.8819971450534677
K27me2,0.3616676628460982
K36un,0.5433113151576263
K9me2,0.5957420577197406
R17un,0.91889748636879
K27me1,0.1649221293277114
K36me1,0.2534665061057402
K9me1,0.1657898829197124
K14me1,0.1079191296669862
R17me1,0.0194661653179155
R26me1,0.1016490262419295
K23me2,0.0188415512036975
R8me1,0.0490359495171128
K14me2,0.0074543349834731
K27me3,0.3260671322573656
K9me3,0.1031187197402059
K18me2,0.0024574834066302
K27un,0.0148655501251496
K23me1,0.0029889267673788
K27ac,0.1324775254436709
K36me2,0.1813023737912479
K23ac,0.0318961088646576
K18ac,0.043308861681565
K18me1,0.0254815774820619
K36me3,0.0219198049453816
K14ac,0.1742554180623018
K14me3,0.0053409515945938
K23me3,0.0348883273790874
K9ac,0.012894754586763
R26me2,0.0163538287045983
K4me1,0.0233031360862612
