PTM Combination,Percentage Abundance
K4un,0.9893039674548822
R8un,0.9726516350847656
K9me1,0.125149748556325
K14me1,0.0895291959786081
R17un,0.9847902750285208
K18un,0.9511604001507366
K23un,0.9434992158887314
R26un,0.9102830926630447
K27me2,0.2291122993453024
K36un,0.4598034495539732
K9me2,0.7042681612831384
K14un,0.7769204072876182
R26me1,0.0808671076391157
K27me1,0.1160684688686608
R8me1,0.0273483649152322
K27un,0.0510618412266531
K36me2,0.1880224252725931
K9un,0.09718937598903
R17me2,0.0095321049606931
K27me3,0.5374804683528099
K9me3,0.0655500951235467
K36me1,0.2825547189488962
K14me2,0.0145645770171836
K23me1,0.0166945946242243
R17me1,0.0056776200107838
K14me3,0.0011345532256267
R26me2,0.0088497996978373
K27ac,0.0662769222065716
K36me3,0.0696194062245353
K18ac,0.0198719629444554
K14ac,0.117851266490961
K4me1,0.0106960325451157
K23me3,0.0090023622507854
K23ac,0.0308038272362567
K18me2,0.0169673326165766
K18me1,0.0120003042882294
K9ac,0.0078426190479577
K23me2,0.0
