PTM Combination,Percentage Abundance
K4un,0.9663530303483316
R8un,0.990737278676332
K9un,0.7055122552265384
K14un,0.7590696243821695
R17un,0.981543249845746
K18un,0.9022220703316854
K23un,0.8333087799576065
R26un,0.8683348966530653
K27me2,0.5005711314549458
K36un,0.4303311044075822
K23me2,0.0239568853300387
K27un,0.068308630440367
K27me1,0.0472169836940757
K36me1,0.1291822627390204
K36me2,0.3991406359181887
R26me1,0.0576502846625203
K27me3,0.3806036957000652
R26me2,0.0740148186844068
K36me3,0.041345996935201
K9me2,0.1438226005381389
R17me2,0.0176510658138282
K14me3,0.0062710582830414
K9me1,0.0772219086089576
K14me1,0.0372369945935778
K23me1,0.0066886813006411
K14me2,0.0147785771695103
K23ac,0.1074577613790229
K18ac,0.0731939751264319
K14ac,0.1826437455716936
K27ac,0.0032995587105386
K18me1,0.0173666779160586
K18me2,0.0072172766258166
R8me1,0.0092627213236606
K23me3,0.0285878920326833
K9ac,0.0184453746383357
K9me3,0.0549978609880218
K4me1,0.0336469696516611
R17me1,0.0008056843404183
