PTM Combination,Percentage Abundance
K4un,0.9999999999999972
R8un,0.9999999999999972
K9un,0.719929174921213
K14un,0.8172967750377071
R17un,0.9928831501312836
K18un,0.8720296576659937
K23un,0.574848847279441
R26un,0.9560648913968112
K27me2,0.44581083357411
K36un,0.4346851798772043
K27me3,0.3992137410936244
K36me1,0.0785746654341918
R26me2,0.0439351086031861
K27un,0.0825341626060615
K27me1,0.0618188438912885
K36me2,0.4459313183218531
K23ac,0.3702927971224857
K23me3,0.0445663105459837
K18ac,0.1211671748897498
K23me1,0.0034888776078328
R17me2,0.0071168498687138
K14ac,0.1505501049637023
K9me2,0.1561520701697024
K36me3,0.0408088363667477
K9me3,0.0979320366258282
K27ac,0.0106224188349124
K14me2,0.0061664017153344
K9me1,0.0198180143115926
K14me1,0.0198180143115926
K9ac,0.0061687039716607
K14me3,0.0061687039716607
K18me1,0.0068031674442537
K23me2,0.0068031674442537
K4me1,0.0
R8me1,0.0
R17me1,0.0
K18me2,0.0
R26me1,0.0
