PTM Combination,Percentage Abundance
K4un,0.993417841253443
R8un,0.9994234449753784
K9un,0.7132674569289863
K14un,0.7005224440999485
R17un,0.9480342671558666
K18un,0.8311329135116083
K23un,0.7497110057940586
R26un,0.8792893252628317
K27me2,0.4644768524291343
K36un,0.4892878080946441
K27ac,0.013374258724889
K27un,0.0777157905074063
K36me2,0.3701337919224359
K27me3,0.3959716306660144
K36me1,0.1257818433035701
R26me1,0.045667429221281
K27me1,0.0484614676725493
K36me3,0.0147965566793429
K9me2,0.1794230391823396
K18me1,0.0222073910469561
R26me2,0.0750432455158807
R17me1,0.0016727962676461
K9me3,0.0421330073595876
K9me1,0.0407750896050371
K23me3,0.0364955508215004
K23me2,0.0599721007281445
K14me2,0.0026855454806332
K23ac,0.1445720835674979
K14me1,0.040380985889091
R8me1,0.0005765550246145
K14ac,0.2534479130514818
K18ac,0.1214154568081844
K9ac,0.0244014069240423
K14me3,0.0029631114788384
K4me1,0.00658215874655
R17me2,0.0502929365764804
K23me1,0.0092492590887915
K18me2,0.0252442386332443
