PTM Combination,Percentage Abundance
K4un,0.9979441004936412
R8un,0.9932679541065804
K9un,0.705601198117804
K14un,0.8774710642613595
R17un,0.9912838367798578
K18un,0.8785949355282409
K23un,0.867073610673887
R26un,0.9045909154630818
K27me2,0.397049072744812
K36un,0.569636848384324
K27un,0.220284468787531
K36me2,0.3600211759622371
R26me1,0.0398724355684764
K27me1,0.0299244866379233
K27me3,0.3358516731978792
K36me1,0.0368528482419035
K23me2,0.0048585616999836
R26me2,0.0555366489684342
K14me3,0.0008302089229764
K9me2,0.2213170885481177
K36me3,0.0334891274115262
R17me2,0.0049353427607844
K14me1,0.0361419108696849
R17me1,0.0037808204593503
K9me3,0.0273835202586011
K14me2,0.0027810442250576
K27ac,0.0168902986318453
K9me1,0.0450592571320536
K14ac,0.0827757717209138
K18me1,0.0064995979189389
K23me1,0.0053689299276566
K18me2,0.0019804339405964
K23ac,0.1178063523764818
K23me3,0.004892545321983
K18ac,0.1129250326122164
R8me1,0.0067320458934123
K9ac,0.0006389359434157
K4me1,0.0020558995063514
