PTM Combination,Percentage Abundance
K4un,0.9974792090704389
R8un,0.9788579556591992
K9un,0.1976534457596435
K14un,0.7633599587983076
R17un,0.871659519715004
K18un,0.9506813496162376
K23un,0.9269472497968908
R26un,0.848875685175374
K27me2,0.2950150319647782
K36un,0.6599541785204718
K18me2,0.007617853052799
K27un,0.0090214032122299
R26me2,0.0124141903287461
K27me1,0.2076886363736001
K27me3,0.4829124529345435
K36me1,0.2659732952571313
R26me1,0.1387101244958727
K23me3,0.0039727633395652
K14me3,0.0002936989156216
K14me1,0.1276244555036613
R17me1,0.0111620880298975
K18me1,0.0155980602439948
K23me2,0.0133344590508485
K9me1,0.1397142980276155
R17me2,0.1171783922550914
K9me2,0.6269001749852646
K14me2,0.0234460793964497
K23me1,0.0175269297972539
R8me1,0.0211420443407936
K14ac,0.0852758073859525
K9me3,0.0142478194748343
K36me3,0.0086715717009157
K23ac,0.0382185980154344
K36me2,0.0654009545214743
K27ac,0.0053624755148414
K9ac,0.0214842617526345
K18ac,0.0261027370869615
K4me1,0.0025207909295542
