PTM Combination,Percentage Abundance
K4un,0.9965002440359972
R8un,0.9815269790054216
K9un,0.1945958557070511
K14un,0.7476793385388009
R17un,0.8798582632049725
K18un,0.947008990532246
K23un,0.9322918315698018
R26un,0.8822696077872764
K27me3,0.540253633956623
K36un,0.6939605108898308
K27ac,0.0076838238291098
K27me2,0.2832931808499743
R17me2,0.1091873643891005
K23me2,0.0173663581428867
K9me1,0.1348810880136988
K14me1,0.123271948344083
K9me2,0.6358127799562678
R26me1,0.0955584479175102
K27me1,0.155640327997718
R8me1,0.0184730209945722
K36me1,0.2381471283310495
R26me2,0.0221719442952072
K18me1,0.0158874373634541
K14me2,0.0240160295871525
K23me1,0.0107342175677004
R17me1,0.0109543724059209
K27un,0.0131290333665689
K36me3,0.0155319108881487
K9me3,0.014791606044238
K14me3,0.0014627635558429
K36me2,0.0523604498909648
K23ac,0.0387526898117958
K18ac,0.0280158150282298
K14ac,0.1035699199741145
K9ac,0.0199186702787382
K18me2,0.0090877570760644
K4me1,0.0034997559639967
K23me3,0.0008549029078091
