PTM Combination,Percentage Abundance
K4un,0.9999999999999944
R8un,0.9829561191428784
K9un,0.2478682258529876
K14un,0.6189481293986576
R17un,0.927805224731291
K18un,0.915395874722996
K23un,0.8935142797028955
R26me2,0.0088728372179915
K27me1,0.1915358959116941
K36un,0.6528191055210224
R26un,0.9013892043656748
K27me3,0.4212887467233418
K27ac,0.0021369529958601
K27me2,0.3564986702553967
K36me1,0.2219283759645038
K9me1,0.1745619777289752
K14me1,0.1689560468545479
R8me1,0.0170438808571161
K36me2,0.1162213208340299
K27un,0.0285397341137016
K9me2,0.5132871223459179
R26me1,0.0897379584163278
R17me2,0.0591796757874985
K23me2,0.0431636687995352
K14me2,0.0261956725425553
K36me3,0.0090311976804381
K9me3,0.0485738017499446
R17me1,0.013015099481205
K18me1,0.0205230235737338
K23ac,0.039897919613873
K18ac,0.0620592518847083
K14ac,0.1822050510577764
K23me3,0.0108416506326554
K9ac,0.0157088723221688
K18me2,0.0020218498185563
K23me1,0.0125824812510353
K14me3,0.0036951001464575
K4me1,0.0
