PTM Combination,Percentage Abundance
K4un,0.99402605650425
R8un,0.9752167748088189
K9un,0.161653486716443
K14un,0.664422289085761
R17un,0.9308335217671844
K18un,0.9221343217062749
K23un,0.9143127113197947
R26un,0.901666330030698
K27me3,0.4723248211096049
K36un,0.6034555583406266
R26me1,0.0937561568687445
K27me2,0.3132571277832585
K36me1,0.2834004349717853
K18me2,0.006234498862841
K27me1,0.1968284860835076
R17me2,0.0551949300850121
R26me2,0.0045775131005512
K9me2,0.5911362202437973
R8me1,0.0247832251911747
K9me1,0.1569314370228239
K23me2,0.0194850758587009
K14me1,0.1328147646833979
K27un,0.0163199328651585
K36me2,0.1013381133779403
K14me2,0.0052584427040482
R17me1,0.0139715481477972
K9me3,0.067075758646862
K36me3,0.0118058933096413
K23me1,0.0240500356609183
K27ac,0.0012696321584639
K18ac,0.0556420359003726
K14ac,0.1886197329687665
K23ac,0.0315540426377725
K9ac,0.0232030973700674
K14me3,0.0088847705580199
K18me1,0.0159891435305051
K23me3,0.0105981345228069
K4me1,0.0059739434957434
