PTM Combination,Percentage Abundance
K4un,0.9947615655189764
R8un,0.9996623098558498
K9un,0.6141465457319569
K14un,0.7248711462470951
R17un,0.9662357755165578
K18un,0.8234251765780446
K23un,0.5740025014494125
R26un,0.9552590956646848
K27me2,0.4538853986871518
K36un,0.4178136248853857
K9me2,0.2014582392618484
K27un,0.1130020285358295
K27me3,0.3688993088313612
K36me1,0.1125038756990756
K9me3,0.0895160751009614
R26me2,0.0068215067170493
K27me1,0.0527112576093115
K36me2,0.3783261696228817
R17me2,0.0311125370367605
R26me1,0.0379193976182615
K14me2,0.0048954938354507
K18me1,0.010924082723584
K27ac,0.0115020063363417
K14ac,0.1968440617657924
K36me3,0.0913563297926527
K23ac,0.3247306170370834
K23me3,0.081113706885323
K18ac,0.1427080759896768
K9me1,0.0751273062366924
K14me1,0.0668500289146032
K18me2,0.02294266470869
K23me2,0.0168191062246442
R8me1,0.0003376901441456
K4me1,0.0052384344810191
K14me3,0.0065392692370541
K23me1,0.0033340684035324
R17me1,0.0026516874466773
K9ac,0.0197518336685363
