PTM Combination,Percentage Abundance
K4un,0.972339336563228
R8un,0.9832471448437748
K9un,0.5366106828585752
K14un,0.5770253117173267
R17un,0.975149901769161
K18un,0.8122338552202534
K23un,0.807181498747624
R26un,0.8628613386631676
K27me3,0.3201703587802018
K36un,0.427820861662766
R26me1,0.0384133700215783
K27me2,0.4739430965139277
K36me1,0.0552580410861885
K9me2,0.237724998859737
K23me1,0.0287780254564424
K27un,0.138198208502854
R26me2,0.0987252913152462
R17me2,0.0144913424070628
K36me2,0.4372262093364656
K23ac,0.0821069892019569
K27me1,0.0532779839310393
K14ac,0.34620490689929
K14me1,0.0646774216322483
R17me1,0.0103587558237685
K23me2,0.0422388151948632
K9me1,0.1717583959640341
K14me2,0.0062127313502943
K36me3,0.0796948879145718
K14me3,0.0058796284008327
R8me1,0.0167528551562175
K18ac,0.1597262019717485
K27ac,0.0144103522719689
K9me3,0.0478084723923985
K23me3,0.039694671399106
K4me1,0.0276606634367646
K18me2,0.0067027499655451
K18me1,0.0213371928424453
K9ac,0.0060974499252475
