PTM Combination,Percentage Abundance
K4un,0.9940898327703442
R8un,0.9962707419984927
K9un,0.8440448416414473
K14un,0.7076684381530653
R17un,0.993350597110491
K18un,0.83786046828501
K23un,0.677242438841233
R26un,0.9449385349059972
K27me2,0.5003343237013413
K36un,0.4487241377556884
K18me2,0.013284972448982
K27un,0.0488255311438279
K27me3,0.3901674877267457
K27me1,0.0519909579231103
K36me2,0.4120680549534207
K27ac,0.0086816995049688
K36me1,0.1091277505840745
R26me1,0.0356044763343705
K36me3,0.0300800567068105
K14me2,0.0022876391103998
K9me2,0.0464493696567045
R26me2,0.0194569887596265
K23ac,0.1938384160979261
K23me3,0.1034678955475311
K9me3,0.0387285124779642
K14me1,0.0305371033695854
K14ac,0.2502925093174015
K18ac,0.1262772524119592
K23me1,0.0063830156014264
K9me1,0.0685076805874247
R17me1,0.0066494028895035
K14me3,0.0092143100495422
R8me1,0.0037292580015013
K18me1,0.0225773068540429
K23me2,0.0190682339118774
K9ac,0.0022695956364536
K4me1,0.0059101672296501
R17me2,0.0
