PTM Combination,Percentage Abundance
K4un,0.9860667656817084
R8un,0.997698426463992
K9un,0.7019552475951076
K14un,0.6906321626593385
R17un,0.9679143631578452
K18un,0.8676748581618298
K23un,0.6954919326380219
R26un,0.8185694835751406
K27me2,0.5073888319641411
K36un,0.4897145973023634
K27me3,0.2971730183508196
R26me1,0.0499096734657316
K36me1,0.0611081879485044
R26me2,0.1315208429591211
K27me1,0.1022880508724211
K23me1,0.0309049382662061
K36me2,0.3828117067075143
K23me2,0.0894898781648492
K27un,0.0856600978911275
K9me2,0.1904217759257382
K14me2,0.0093790279520741
K14me1,0.0431849743288017
R17me1,0.0160976054520787
K18me2,0.0309577657256022
K9me1,0.0594718322917635
R17me2,0.0159880313900697
K23ac,0.1071227512903607
K27ac,0.0074900009214843
K36me3,0.0663655080416115
K23me3,0.0769904996405556
K18me1,0.0250004736980952
K14ac,0.2541417003478142
K9me3,0.0268755731949389
K18ac,0.0763669024144667
K9ac,0.0212755709924451
K4me1,0.0139332343182852
R8me1,0.0023015735360016
K14me3,0.0026621347119648
