PTM Combination,Percentage Abundance
K4un,0.9908028699820416
R8un,0.9933586531506003
K9un,0.3450811030582434
K14un,0.5987222548988539
R17un,0.8621713466146367
K18un,0.8720607460110562
K23un,0.9083993269869406
R26me2,0.0664625031036105
K27me2,0.5176831899190957
K36un,0.5716983132106627
R26un,0.8133294243025162
K36me2,0.2881035072693527
K23me2,0.0374216499868085
R17me2,0.0974077611508515
R26me1,0.1202080725938639
K27me3,0.260421608015664
K9me1,0.2371936030515746
K14me1,0.1674281410518894
K9me2,0.3332312751380726
K27me1,0.1928132591868781
K14me2,0.042423602247036
R8me1,0.0066413468493901
R17me1,0.0404208922345022
K36me1,0.0715713259853493
K18me1,0.0783689008254153
K27un,0.0217168824311554
K23me1,0.0241948681569201
K36me3,0.0686268535346254
K18me2,0.0054461065135746
K27ac,0.0073650604471973
K9me3,0.0730702333142451
K14me3,0.0153010575449448
K14ac,0.1761249442572664
K23ac,0.0276282094595145
K18ac,0.0441242466499442
K9ac,0.0114237854378551
K4me1,0.0091971300179487
K23me3,0.0023559454098061
