PTM Combination,Percentage Abundance
K4un,0.9920005255354828
R8un,0.9859795485153108
K9un,0.7664266732368425
K14un,0.6330610444540147
R17un,0.9828581446882596
K18un,0.8140786003277547
K23un,0.7766620249672639
R26un,0.9391490298413694
K27me2,0.6430591238721218
K36un,0.1248012369932311
K27un,0.0840103031173675
K36me2,0.7220402908197521
R26me1,0.0263077504653651
K27me1,0.0701932966711335
K27me3,0.191441003540235
K36me1,0.0907445968058339
K27ac,0.0112962727991332
K36me3,0.0624138753811742
K23ac,0.1436397328308185
K9me2,0.0485178090228384
K14me1,0.0571523919428276
R26me2,0.0345432196932568
K9me3,0.021423791993704
K14ac,0.3062581215775886
K9me1,0.1599386095153715
K14me2,0.0016198209531836
K23me2,0.0222600681177977
K4me1,0.0079994744645088
K23me1,0.0116180670081073
K18me1,0.0218643797380512
K18ac,0.1637825876116645
K18me2,0.0002744323225211
R8me1,0.0140204514846809
R17me1,0.0104636256546114
K23me3,0.0458201070760042
K9ac,0.0036931162312349
K14me3,0.001908621072377
R17me2,0.0066782296571206
