PTM Combination,Percentage Abundance
K4un,0.9723510882276202
R8un,0.996427020782914
K9un,0.6672434862045797
K14un,0.583998263836203
R17un,0.9825557209155736
K18un,0.7464015642253987
K23un,0.6433405267976188
R26un,0.959274905511484
K27me1,0.1146854202932853
K36me1,0.1283785452328963
K27me2,0.6201129317494322
K36un,0.2307439425488612
K27un,0.0572764573756809
K36me2,0.5874630124818859
R26me2,0.0192879463165172
R26me1,0.0214371481719859
K23me2,0.0481085728820316
K27me3,0.2059201283553033
K36me3,0.053414499736344
K14me2,0.0141463509447588
K9me2,0.0816296503663114
K23me1,0.0341818153343132
K23ac,0.2173140668000729
K14ac,0.315366769495026
K18ac,0.2077560768179714
K23me3,0.0570550181859508
K27ac,0.0020050622262857
K18me1,0.0402721761154694
R17me1,0.0066606827559192
K9ac,0.0305157634191563
K14me1,0.0749613886737398
K9me3,0.0849075824184885
K9me1,0.1357035175914512
K18me2,0.0055701828411473
R17me2,0.0107835963284942
K14me3,0.0115272270502594
K4me1,0.0276489117723668
R8me1,0.0035729792170732
