PTM Combination,Percentage Abundance
K4un,0.9860289524977351
R8un,0.9838527289878016
K9un,0.7142924977455478
K14un,0.6701261202611878
R17un,0.9812330207920222
K18me2,0.0029438295863824
K23un,0.7265166123539717
R26un,0.9341647175845258
K27un,0.0821463675833227
K36un,0.1620852181485784
K18un,0.8478217433719529
K36me2,0.6884896371963705
K23me2,0.0303640845443836
K27me2,0.6055640932579257
K36me1,0.0908961604478172
K27me3,0.2227630616447146
K27me1,0.0688374625554594
R26me1,0.0290096835937057
K36me3,0.0585289842072212
K27ac,0.0206890149585649
K9me2,0.0587840550962321
K18me1,0.0411820391236422
R26me2,0.0368255988217559
R17me1,0.0147954554556358
K9me3,0.0108294480640455
R17me2,0.0039715237523289
K23me3,0.0630132735286433
K14me1,0.0890173340565087
K9me1,0.2061566271951619
K14me2,0.0029156078336464
K23me1,0.0189279135929533
K14me3,0.0016295150436724
K23ac,0.1611781159800347
R8me1,0.0161472710121854
K14ac,0.2363114228049717
K18ac,0.1080523879180093
K4me1,0.0139710475022517
K9ac,0.0099373718989998
