PTM Combination,Percentage Abundance
K4un,0.9344683504450908
R8un,0.9562961200605312
K9un,0.483239393802278
K14un,0.6517605413147092
R17un,0.9571117427318871
K18un,0.8592564400139145
K23un,0.8662143650788736
R26un,0.8563502882138184
K27me2,0.5493755479437036
K36un,0.1755281452456429
K27un,0.1034766903204989
K36me2,0.6049385967912495
K23me2,0.0143370301863196
R26me2,0.0374356909374692
R26me1,0.1062140208486985
K27me1,0.1305943011731528
K27me3,0.2052426340204812
K36me1,0.1083012770720106
K36me3,0.1112319808910831
K9me2,0.2042366077232417
K27ac,0.0113108265421498
K23ac,0.0649019550988091
R17me2,0.0176681264068847
K9me1,0.2741337798315238
K14me1,0.135122067817882
K14me2,0.010421788314897
K23me1,0.0346913963357429
K23me3,0.0198552533002407
R17me1,0.0252201308612141
R8me1,0.0437038799394551
K18me1,0.0420136700162414
K14me3,0.0034250903000355
K18me2,0.0021028469644945
K4me1,0.0655316495548951
K9me3,0.0230495880828925
K14ac,0.1992705122524621
K18ac,0.0966270430053356
K9ac,0.0153406305600502
