PTM Combination,Percentage Abundance
K4un,0.9747667932613892
R8un,0.899944194629949
K9un,0.1781879511341535
K14un,0.6753679912320951
R17me2,0.0812247875049329
K18un,0.8870424905532943
K23un,0.9570622408928204
R26un,0.87041116704663
K27me2,0.4826839304486203
K36un,0.5379096448313826
K9me2,0.4170212687495757
R17un,0.8512327281692736
R26me1,0.1136112987047182
K27me1,0.1847289529507267
K9me1,0.2828022585854631
K14me1,0.1811257637491187
R8me1,0.1000558053700444
K36me1,0.0870842157825226
K14me2,0.0252881968379459
R17me1,0.0675424843257873
K23me2,0.0237838868126598
R26me2,0.0159775342486451
K18me2,0.0014778634390478
K27me3,0.306082557565296
K18me1,0.0890775616912715
K23me1,0.0068603673935171
K27un,0.0155905066263877
K36me2,0.2983753932573906
K14me3,0.0120822214423821
K23me3,0.0026999560314203
K9me3,0.08455125466817
K27ac,0.0109140524089628
K36me3,0.0766307461286975
K4me1,0.0252332067386043
K23ac,0.0095935488695756
K18ac,0.0224020843163798
K14ac,0.1061358267384521
K9ac,0.0374372668626314
