PTM Combination,Percentage Abundance
K4un,0.9869296957590228
R8un,0.9236466941015794
K9un,0.2924692801226569
K14un,0.6553984716241653
R17un,0.8568708561645202
K18un,0.9146001257943313
K23un,0.9339423140855776
R26un,0.8614458603049188
K27me3,0.2473626017633122
K36un,0.5713626647296371
K27me2,0.5392221755280482
K36me1,0.1164943550787681
R26me1,0.106044810091156
R26me2,0.0325093296039172
K27me1,0.1478488519694271
R17me2,0.0921472989175155
K9me1,0.2403639209934618
K14me1,0.1599337101586903
K9me2,0.3375031454347245
R8me1,0.0763533058984127
K36me2,0.2820536882113669
K23me2,0.0131726409865266
K4me1,0.0130703042409693
R17me1,0.0509818449179561
K14me2,0.0204972350636677
K23me1,0.0112516576000532
K27un,0.0269441371780674
K14ac,0.1553937293904226
K27ac,0.0386222335611369
K9me3,0.1254186132740323
K36me3,0.0300892919802204
K14me3,0.0087768537630463
K18ac,0.0680585133683386
K23ac,0.0382050981186264
K18me2,0.001095818248886
K18me1,0.0162455425884364
K9ac,0.0042450401751172
K23me3,0.0034282892092082
