PTM Combination,Percentage Abundance
K4un,0.975289590435738
R8un,0.970074285219954
K9un,0.5352903089204641
K14un,0.6329019339524384
R17un,0.9556837161622628
K18un,0.8337287399904544
K23un,0.8613310717445052
R26un,0.8764535547497562
K27me2,0.6078114391918288
K36un,0.131785624323824
R26me2,0.0398183513029348
K27me1,0.1368719856791063
K36me1,0.0908266785239222
K27me3,0.1624761906617804
K27un,0.0876048824595401
K36me2,0.6660763773830769
K36me3,0.1113113197691652
R26me1,0.083728093947298
R17me1,0.0237656614630452
K23me2,0.0123541033314891
K9me2,0.1711797900414784
R17me2,0.0205506223746811
K14me1,0.1715372637271874
K23me1,0.024386996121283
R8me1,0.0299257147800351
K9me1,0.2694040016718302
K18me1,0.0270552496958924
K14me2,0.0084822819379801
K27ac,0.0052355020077324
K23ac,0.087325548223752
K18me2,0.0011530493618489
K18ac,0.1380629609517928
K14ac,0.186367502224291
K4me1,0.0247104095642508
K9ac,0.0152759129606588
K9me3,0.008849986405557
K23me3,0.0146022805789593
K14me3,0.0007110181580915
