PTM Combination,Percentage Abundance
K4un,0.9771971338110312
R8me1,0.1901905238015886
K9me1,0.2129933899905571
K14un,0.8924845859023494
R17un,0.9999999999999998
K18un,0.8856768316391712
K23un,0.9188046436704992
R26un,0.9999999999999998
K27me2,0.3276542798422484
K36un,0.3692251291451424
R8un,0.8098094761984111
K9me2,0.5229128478586903
K27me3,0.2315303005054712
K9ac,0.0323701605288007
K14me1,0.0323701605288007
K18me1,0.0551730267177692
K36me2,0.1698339165694605
K4me1,0.0228028661889685
K14ac,0.0751452535688496
K9un,0.1830183858245846
K27ac,0.1005787924234849
K36me1,0.1207043270566016
K18ac,0.0591501416430594
K23ac,0.0521424207076598
K23me1,0.0290529356218408
K9me3,0.0487052157973671
K27me1,0.3402366272287953
K36me3,0.3402366272287953
K14me2,0.0
K14me3,0.0
R17me1,0.0
R17me2,0.0
K18me2,0.0
K23me2,0.0
K23me3,0.0
R26me1,0.0
R26me2,0.0
K27un,0.0
