PTM Combination,Percentage Abundance
K4un,0.9901439241421168
R8un,0.9470003711387563
K9un,0.3223351369213318
K14un,0.6711895895653615
R17un,0.8662023260588334
K18un,0.9180652138562314
K23un,0.9278354686736257
R26un,0.8348478722631528
K27me3,0.2741541237785379
K36un,0.5999771665973854
K27me2,0.5172720026398879
K36me1,0.1228057015635877
R26me1,0.1218193047129085
K23me2,0.0222314269003277
K27un,0.0233503864710775
K27ac,0.0184599077235707
K14me1,0.1498904933350869
R26me2,0.0433328230239313
K27me1,0.1667635793869182
K14me2,0.0285458224316756
R17me2,0.0927807138056397
K36me2,0.253253483475877
R17me1,0.0410169601355196
K36me3,0.0239636483631425
R8me1,0.0529996288612363
K9me1,0.2147474298602229
K18me1,0.0223960208765164
K9me2,0.3543789383588717
K23me1,0.0092726033411086
K14ac,0.1444400971747828
K9me3,0.1001473806309785
K23ac,0.0294591278254408
K18ac,0.0584700483954489
K9ac,0.0083911142285878
K4me1,0.0098560758578759
K23me3,0.0112013732594903
K14me3,0.0059339974930857
K18me2,0.0010687168717961
