PTM Combination,Percentage Abundance
K4un,0.9841129358445514
R8un,0.9856967908060236
K9un,0.7623976593896995
K14un,0.6336283597771792
R17un,0.9894865379389066
K18un,0.7841521943686214
K23un,0.7779514497437124
R26un,0.9364848312245364
K27me2,0.6440982052283368
K36un,0.1520895636338703
K27un,0.054320805278452
K36me2,0.7002646366304636
K27me3,0.2016838478272949
K36me1,0.0958387233661373
R26me1,0.035674954793796
K27me1,0.0946060536172175
K27ac,0.0052910880486892
K36me3,0.0518070763695191
K9me2,0.0453055916440292
K14me2,0.0044786035591761
R26me2,0.0278402139816575
K23me1,0.0265039011571819
K23ac,0.1345107112830478
K9me1,0.1687171984994222
K14me1,0.0609152791862549
R17me1,0.0060752217417498
K18me1,0.0314252848097587
K14ac,0.2983227214776783
K18ac,0.1841192066260184
K23me3,0.0410700970582178
R8me1,0.0143032091939662
K4me1,0.0158870641554386
K9ac,0.0037899080138206
K9me3,0.0197896424530185
R17me2,0.0044382403193334
K23me2,0.0199638407578303
K18me2,0.0003033141955923
K14me3,0.0026550359997018
