PTM Combination,Percentage Abundance
K4un,0.9516169055364602
R8un,0.9643275842028086
K9un,0.493454645981379
K14un,0.6994826133517489
R17un,0.967392800727883
K18un,0.8560870972730187
K23un,0.8815427165028733
R26un,0.8875748440252589
K27me2,0.5591603966741031
K36un,0.1628687231512744
K27me3,0.2983134867586363
K36me1,0.2200602117486383
R26me1,0.0685856701240989
K27un,0.0824857496728125
K36me3,0.0555745108001872
K27me1,0.053824449430202
K36me2,0.561496554299889
R26me2,0.043839485850631
K23me1,0.0161250382723651
K14me2,0.0095567259954579
K18me2,0.0032077559272872
K23me2,0.0054738206691626
R17me2,0.0195543558443315
K9me2,0.2450265847133914
K18me1,0.0390940840573673
K23ac,0.0916291857271452
K18ac,0.1016110627423158
K23me3,0.005229238828443
K9me3,0.0216084902612179
K9me1,0.211638742721539
K14me1,0.096949442075095
R17me1,0.0130528434277743
R8me1,0.0356724157971803
K14ac,0.1923217736162921
K27ac,0.0062159174642351
K14me3,0.0016894449613951
K4me1,0.0483830944635287
K9ac,0.0282715363224617
