PTM Combination,Percentage Abundance
K4un,0.9880871729739256
R8un,0.9689453881690442
K9me2,0.4495706574230227
K14un,0.669492751417563
R17un,0.8734791417195987
K18un,0.8945019884003397
K23me1,0.0130791867401108
R26un,0.8635464520254442
K27me1,0.2018464637389145
K36un,0.5530716183371325
K23un,0.9390205980439144
R26me1,0.095742056767734
K9me1,0.2558459118600579
R17me1,0.06688745586591
K27me2,0.4480987599122629
K9un,0.2336769918064128
K14me1,0.1989207279184614
K23me2,0.0198649113661186
R26me2,0.0407114912068145
K36me2,0.2741481778266096
K36me3,0.099128423255512
R17me2,0.0596334024144841
K27un,0.0221924018566337
K14me2,0.0249325910867205
K27me3,0.3165972256225541
R8me1,0.0310546118309485
K18me1,0.0489846064919447
K27ac,0.0112651488696276
K36me1,0.0736517805807383
K9me3,0.0486654476356274
K14me3,0.0086291026462071
K14ac,0.0980248269310406
K23me3,0.0038369104699693
K23ac,0.0241983933798798
K18ac,0.0558441172370391
K9ac,0.0122409912748718
K4me1,0.0119128270260668
K18me2,0.0006692878706691
