PTM Combination,Percentage Abundance
K4un,0.9858668833317152
R8un,0.9831652218205288
K9un,0.7810902265811653
K14un,0.6199230002523083
R17un,0.9868377946002274
K18un,0.8013180191643366
K23un,0.7747298278623301
R26un,0.9394542329786256
K27un,0.0869986091791177
K36me2,0.6523866534728463
K27me2,0.6081610345644745
K36un,0.1924516098872062
K36me1,0.1004781281024431
K23me2,0.0270853406553305
K23ac,0.1490995477124858
K27me3,0.1850739507334952
K27me1,0.1086350758517923
K27ac,0.0111313296711101
K36me3,0.0546836085374941
R26me1,0.0343640222551551
K9me2,0.0633398874034528
K23me1,0.0195287236985438
K14me2,0.0070336057264792
K18me1,0.0212522634796316
K14me1,0.0449802163292788
K18me2,0.0083152054080907
R26me2,0.0261817447662087
K9me3,0.0215429435269993
K9me1,0.1288837282205132
K14ac,0.3249222101613244
R8me1,0.0168347781794611
R17me1,0.0108206146511414
K23me3,0.0295565600712992
K14me3,0.0031409675305995
K18ac,0.169114511947931
R17me2,0.0023415907486211
K9ac,0.0051432142678587
K4me1,0.0141331166682746
