PTM Combination,Percentage Abundance
K4un,0.9885910163645052
R8un,0.9801404148569464
K9un,0.6302837268310378
K14un,0.6009582721177417
R17un,0.9757863926166472
K18un,0.8235973565448045
K23un,0.8060928877233865
R26me2,0.0689082981242984
K27me1,0.0769930542164074
K36un,0.1602684900564825
R26un,0.8640963471147596
K27me3,0.1707835725796229
K27me2,0.659624221285742
K36me1,0.0732199605167432
K36me2,0.7068963519858601
R26me1,0.0669953547609308
K27un,0.0878400942767144
K36me3,0.0596151974409031
K9me1,0.2001806570544871
K14me1,0.1204709283965079
K18me2,0.0048094561684236
K23me2,0.0254055553498049
K9me2,0.1407224362018491
R17me1,0.0119141091428663
K23ac,0.1243105777979003
K27ac,0.0047590576415019
K14me2,0.0108582828086196
K18me1,0.0355264803438438
R8me1,0.0198595851430427
K23me1,0.0196866908299845
R17me2,0.0122994982404751
K14ac,0.2660435956835836
K18ac,0.1360667069429164
K9ac,0.0195376274945896
K9me3,0.009275552418025
K23me3,0.024504288298912
K4me1,0.0114089836354837
K14me3,0.0016689209935359
