PTM Combination,Percentage Abundance
K4un,0.98707379424542
R8un,0.9871289545722504
K9un,0.7062758760492936
K14un,0.652314306488368
R17un,0.9810790083298956
K18un,0.8445429292871761
K23un,0.7501458940666242
R26un,0.9288753618219444
K27me2,0.6350762966356083
K36un,0.167428229463853
K27un,0.0800818124710112
K36me2,0.6935385095824295
K27me3,0.2105145210349491
K36me1,0.0942531896090715
K36me3,0.0447800713446341
R26me1,0.0297836830045166
K27me1,0.0596953237629053
K23ac,0.1508449624318557
K27ac,0.0146320460955142
R26me2,0.041340955173527
K9me2,0.048395203408439
R17me1,0.0167589015108936
K9me1,0.2196024281959885
K14me1,0.0979175109009036
K14me2,0.003505758368544
K18me2,0.0029278901568236
K23me1,0.0163449360156641
K18me1,0.0379869205842663
K23me2,0.030670338568009
R8me1,0.0128710454277376
K14ac,0.2442136928948366
K14me3,0.002048731347336
K18ac,0.1145422599717219
K23me3,0.0519938689178346
K9ac,0.0119061868830023
K9me3,0.0138203054632642
K4me1,0.0129262057545682
R17me2,0.0021620901591989
