PTM Combination,Percentage Abundance
K4un,0.9863792987664298
R8un,0.9649859171632555
K9me2,0.5572342264965543
K14un,0.7256333236655883
R17un,0.9340646939377658
K18un,0.9570589708661216
K23un,0.9676555477608207
R26un,0.941491490141305
K27me1,0.1082404628754891
K36me1,0.1790113037541585
K9me1,0.1865000447477142
K14me1,0.1219812124939854
K27me2,0.3786870450750099
K36un,0.5140756620950984
K9un,0.0936943868351015
R17me2,0.0449294436479235
R17me1,0.0210058624143072
R8me1,0.0350140828367407
K23me2,0.00315715331415
R26me2,0.0053570543172802
K14me2,0.0077295000384338
K27me3,0.4192187176933959
R26me1,0.0531514555414113
K18me1,0.0291972772019637
K9me3,0.1495212568425701
K14me3,0.0046149972354433
K23me1,0.0243616540821901
K23ac,0.00269311928487
K27un,0.0106803767603101
K36me2,0.2907866374623975
K27ac,0.0831733975957914
K14ac,0.1400409665665458
K18ac,0.0137437519319111
K23me3,0.0021325255579655
K9ac,0.0130500850780563
K36me3,0.0161263966883422
K4me1,0.0136207012335666
K18me2,0.0
