PTM Combination,Percentage Abundance
K4un,0.99585663361342
R8un,0.9368942127462468
K9un,0.1341411863371117
K14un,0.6435555504031099
R17un,0.9166706488149534
K18un,0.9534239924764242
K23un,0.9665311510972192
R26me2,0.0237971767935288
K27me2,0.4328643729304014
K36un,0.2200536557959195
K9me2,0.4191203062135364
R26un,0.9267374725620544
K27me3,0.2168692566936136
K9me1,0.3997595724954098
K14me1,0.2900695777914314
K14me3,0.0307740419728797
K23me2,0.015707100882001
K23me3,0.0063048953279362
K9me3,0.0312395998775097
R17me1,0.0784773980332049
K18me1,0.0306272915613987
K27me1,0.2254346455949283
K36me3,0.1955044891770863
K36me2,0.4325038589137578
R26me1,0.0494653506444149
K36me1,0.1519379961132343
R8me1,0.0631057872537512
K23ac,0.0114568526928416
K27ac,0.1086809795915134
K14ac,0.0306390259391953
K18ac,0.0159487159621751
K27un,0.0161507451895411
K9ac,0.0157393350764303
K14me2,0.0049618038933817
R17me2,0.0048519531518397
K4me1,0.0041433663865779
K18me2,0.0
K23me1,0.0
