PTM Combination,Percentage Abundance
K4un,0.9760350503193388
R8un,0.9831026528343014
K9un,0.5690679855406214
K14un,0.6062495818888931
R17un,0.970587997534959
K18un,0.7973010156059205
K23un,0.7546776350829918
R26un,0.8777269874504454
K27me2,0.6229685651340473
K36un,0.1468015564920271
K27me1,0.1012604628681652
K36me1,0.086061541363882
K27un,0.1067075834887224
K36me3,0.091893180045884
K27me3,0.1664236906721878
R26me1,0.0783227111867637
R26me2,0.0439503013627794
K36me2,0.6752437220981955
K14me3,0.0039179123018651
R17me2,0.014966209500205
K23me2,0.0209725037250813
K14me2,0.0060065090394358
K14me1,0.1301903875436665
K18me1,0.0381693023866641
R17me1,0.0144457929648245
K23me1,0.0285763851347364
K27ac,0.0026396978368657
K9me1,0.2144481084396535
K9me2,0.186535839474551
K23ac,0.1494347081378432
K14ac,0.2536356092261275
K18ac,0.161302104557456
K23me3,0.0463387679193352
R8me1,0.0168973471656871
K9ac,0.019946911182014
K9me3,0.0100011553631486
K4me1,0.0239649496806499
K18me2,0.0032275774499476
