PTM Combination,Percentage Abundance
K4un,0.9796070309735064
R8un,0.924026792151103
K9me1,0.3413860088345929
K14me1,0.2033012544074656
R17un,0.9073176128245768
K18un,0.9215664233002554
K23un,0.9135746025088124
R26un,0.8828121796804321
K27me2,0.4977875765162323
K36un,0.3707939337536523
K9un,0.3553285184359869
K14un,0.6571342884481767
R26me2,0.0526917198621066
R17me2,0.0165859668899345
K9me2,0.2275052103131425
K27me3,0.3338846259716077
K14me2,0.0394581798639419
K18me2,0.0334707894771336
R17me1,0.0760964202854855
K23me2,0.0582100640966823
K27un,0.0238238324310859
K36me3,0.1659812035495664
R26me1,0.0644961004574581
K36me1,0.0548510309210778
K36me2,0.4083738317756998
K27me1,0.1224010171579868
K14me3,0.0325180165419249
R8me1,0.0759732078488941
K23me3,0.0009874821407505
K9me3,0.0753004155142806
K23me1,0.0190395197336512
K18me1,0.0439046283309957
K4me1,0.0203929690264906
K23ac,0.0081883315201005
K27ac,0.0221029479230838
K14ac,0.0675882607384878
K18ac,0.0010581588916123
K9ac,0.0004798469019936
