PTM Combination,Percentage Abundance
K4un,0.9585151889119452
R8un,0.9892423330484528
K9un,0.6627313397811346
K14un,0.6072135942840148
R17un,0.9647252567807658
K18un,0.6895889402876898
K23un,0.6600744367364136
R26un,0.9235029450521602
K27me2,0.6167446348061104
K36un,0.1785353844709907
R26me2,0.036369223788633
K27un,0.0621848381662645
K36me2,0.6759616225176023
R26me1,0.0401278311591934
K27me1,0.1111975638451721
K9me2,0.1153734653557173
K27me3,0.1962119979153198
K36me1,0.0883338316186353
K36me3,0.0571691613927575
K27ac,0.0136609652671189
K23me1,0.0454264564973561
K14me2,0.0134707306289193
K23ac,0.2147558966423798
K18me1,0.0511720585535956
K23me3,0.0365666278693003
K18ac,0.2518868193792259
K9me1,0.1593057720230787
K14me1,0.1075520381353493
K23me2,0.0431765822545364
K14ac,0.2664601776712715
R17me1,0.0081466592013937
K18me2,0.0073521817794753
K14me3,0.0053034592804315
R8me1,0.0107576669515338
K9ac,0.0310386618431154
R17me2,0.0271280840178269
K4me1,0.0414848110880414
K9me3,0.0315507609969397
