PTM Combination,Percentage Abundance
K4un,1.0
R8me1,0.4712863110852035
K9me1,0.5087729524919848
K14un,0.8865904012435637
R17un,0.975354609929078
K18un,1.0
K23un,0.7051977071796366
R26un,0.9132225784513748
K27me2,0.5600505197707178
K36me2,0.5600505197707178
R8un,0.5287136889147963
K9me2,0.389815894297095
K23me1,0.2251335859321869
K27ac,0.272760614009521
K36me1,0.272760614009521
K27me1,0.1476537452637715
K36me3,0.1476537452637715
K23ac,0.0696687068881763
K27un,0.0195351209559895
K36un,0.0195351209559895
K9un,0.0747789760031088
K14me1,0.0621320314777032
R26me1,0.0867774215486251
K14ac,0.051277567278733
R17me1,0.0246453900709219
K9me3,0.0266321772078111
K4me1,0.0
K9ac,0.0
K14me2,0.0
K14me3,0.0
R17me2,0.0
K18me1,0.0
K18me2,0.0
K18ac,0.0
K23me2,0.0
K23me3,0.0
R26me2,0.0
K27me3,0.0
