PTM Combination,Percentage Abundance
K4un,0.9636916441287878
R8un,0.9759677155380416
K9un,0.4993802219395067
K14un,0.5705759655454229
R17un,0.9599953768863858
K18un,0.748875934214737
K23un,0.7604993465070109
R26un,0.8888459900110259
K27me2,0.6342130398857869
K36un,0.1494184078201796
K27un,0.0848646993939468
K36me2,0.6773647321823457
K36me1,0.0713211631147666
K27me3,0.1656880451664214
R26me2,0.0508722137757042
K27me1,0.1135462458264767
R26me1,0.0602817962132575
K36me3,0.1018956968826956
K23me2,0.0215517206768038
K9me2,0.1821196376725809
R17me2,0.0121826373238609
R8me1,0.0240322844619459
K9me1,0.2816663979424378
K14me1,0.1702879443737334
K18me1,0.0430413956029845
R17me1,0.027821985789741
K23ac,0.1597387255191288
K9me3,0.0117323295050812
K14me3,0.0015254689519129
K23me1,0.0295325625302665
K18ac,0.2070929442050025
K23me3,0.0286776447667773
K14ac,0.2527113951844018
K9ac,0.0251014129403813
K18me2,0.0009897259772635
K27ac,0.0016879697273559
K4me1,0.0363083558711999
K14me2,0.0048992259445162
