PTM Combination,Percentage Abundance
K4un,0.9873398075164322
R8un,0.9910803756768064
K9un,0.8518445905732359
K14un,0.4507814019654769
R17un,0.9942739769774492
K18un,0.7516119554645834
K23un,0.6073827461568582
R26un,0.9300183773897084
K27me2,0.7328436179941612
K36un,0.0832223431897676
K27me3,0.1647258633453798
K36me1,0.1183253930235586
R26me2,0.0592890011467716
K27me1,0.0394468492792739
K27un,0.0593172204560951
K36me2,0.782936782360024
R26me1,0.0106926214635127
K36me3,0.0155154814266421
K23me2,0.0126767118117547
K23me1,0.0235488394373552
K23ac,0.2249023791897086
K23me3,0.1314893234043158
K9me1,0.0919323259156021
K14me1,0.0376152941688797
K9me2,0.0295961619416736
R8me1,0.0089196243231862
K18ac,0.2072889430823473
K14ac,0.5089538533002333
K27ac,0.0036664489250823
R17me1,0.0057260230225433
K9me3,0.0206857988938724
K18me1,0.0341775900361446
K4me1,0.01266019248356
K9ac,0.0059411226756082
K14me3,0.0026494505654022
K18me2,0.0069215114169169
K14me2,0.0
R17me2,0.0
