PTM Combination,Percentage Abundance
K4un,0.9767610681013614
R8un,0.9932069885250954
K9un,0.7543468536323337
K14un,0.5320840183695354
R17un,0.9859122348715558
K18un,0.7266569228313562
K23un,0.6052767156433538
R26un,0.9564713128168032
K27me2,0.6424156299771644
K36un,0.1838042258902793
K27me1,0.0760615995318809
K36me1,0.1031515042299685
K27me3,0.2276279295678712
K9me2,0.0595539084853665
K27un,0.0472783561612827
R26me2,0.0243866575235155
K36me2,0.6458440917167951
K36me3,0.0672001781629471
R26me1,0.0191420296596716
K9me1,0.1202698733801052
K14me1,0.0711376298342988
K23ac,0.2614478122520048
K23me3,0.0904912170135943
R8me1,0.0067930114748948
K27ac,0.006616484761791
K18ac,0.2427522881074052
K14ac,0.3873680229463818
K23me1,0.0205274486410209
K9ac,0.018810884214344
K9me3,0.0470184802878407
K23me2,0.0222568064500163
R17me2,0.0115037764362475
K18me2,0.0100219952833598
K18me1,0.0205687937778694
K14me3,0.0077463655400966
K4me1,0.0232389318986291
R17me1,0.0025839886921872
K14me2,0.0016639633096774
