PTM Combination,Percentage Abundance
K4un,0.9885733412358996
R8un,0.9861701275704025
K9un,0.7819607837414108
K14un,0.6155257338112533
R17un,0.9887662538367316
K18un,0.8062237770359577
K23un,0.7823014591854354
R26un,0.9402628877322762
K27me2,0.5712667793677547
K36un,0.183654164166706
K27un,0.0894272280462854
K36me2,0.6401241426790656
R26me2,0.0300878897039756
K27me3,0.216620875387215
K36me3,0.054347112917749
K36me1,0.121874580236469
K27me1,0.1105915493882685
K27ac,0.012093567810466
K9me2,0.067707671098882
K18me1,0.0261600128085446
K14me1,0.0483409485924545
K23me1,0.0237970842803372
R26me1,0.029649222563738
K23ac,0.1443178406728565
K18ac,0.1635232706107394
K9me1,0.1216086983303574
R8me1,0.0138298724295873
K14ac,0.3332090422833366
K23me2,0.0151552990522314
K23me3,0.0344283168091294
R17me1,0.0090278536607875
R17me2,0.0022058925024707
K9me3,0.0223655785301436
K18me2,0.0040929395447481
K9ac,0.0063572682991961
K14me3,0.0021075359597296
K4me1,0.0114266587640903
K14me2,0.0008167393532158
