PTM Combination,Percentage Abundance
K4un,0.9944061401494796
R8un,0.9743203305197332
K9un,0.3758137416635362
K14un,0.5908902216666817
R17un,0.8888243484726831
K18un,0.8481432915815036
K23un,0.9025146501153992
R26un,0.8532278230145695
K27me2,0.4847392833720269
K36me2,0.3865521227699105
R26me1,0.0805878004103483
K27me3,0.3724800861481923
K36un,0.4971709220825792
K23me2,0.0489509308992904
K27me1,0.1089420954671318
K36me3,0.0767524146683767
R17me2,0.0622686403552391
K14me2,0.0235932874118648
K9me2,0.3114388578499403
K27ac,0.0034445547768317
K36me1,0.0395245404791262
R8me1,0.0256796694802589
K9me1,0.2364760901551069
R26me2,0.0661843765750736
K14me1,0.1726389460638433
R17me1,0.0489070111720697
K18me1,0.0771876490238072
K27un,0.0303939802358098
K18me2,0.0106932132163897
K9me3,0.0549109861024093
K14me3,0.0103744168447053
K23me1,0.0095536406138428
K14ac,0.202503128012897
K4me1,0.0055938598505121
K23ac,0.0369148037642394
K18ac,0.0639758461782918
K9ac,0.0213603242289996
K23me3,0.0020659746072206
