PTM Combination,Percentage Abundance
K4un,0.9785756019271552
R8un,0.9454938895260088
K9me2,0.5060283430027968
K14un,0.6718487778764755
R17un,0.9131665918088896
K18un,0.9422693177004072
K23un,0.9761893222596646
R26un,0.913326165830818
K27me1,0.1158382617094384
K36me1,0.1616360060028689
K9me1,0.2287305167277523
K14me1,0.1403175922890626
K27me2,0.4277661096168259
K36un,0.5615332388620172
K23me1,0.0068881100922869
R26me1,0.0706723331070936
K9un,0.1355471701061582
R17me2,0.0487327205222094
R8me1,0.0545061104739865
R17me1,0.0381006876688963
K23me2,0.0061394864009908
R26me2,0.0160015010620839
K14me2,0.0189763478162151
K27ac,0.0943562064907143
K27me3,0.3507657381430277
K9me3,0.1176699389222616
K9ac,0.0120240312410267
K27un,0.0112736840399892
K14me3,0.0130519554309572
K18ac,0.0176599540558258
K36me2,0.2695352303200738
K18me1,0.0384246845201589
K14ac,0.1558053265872849
K36me3,0.0072955248150357
K23ac,0.0059388009266965
K18me2,0.0016460437236036
K4me1,0.02142439807284
K23me3,0.0048442803203567
