PTM Combination,Percentage Abundance
K4un,0.9940044689586413
R8un,0.9891469227499688
K9me2,0.5892610287558319
K14un,0.7483005217650103
R17un,0.956144858466757
K18un,0.9701675357876872
K23un,0.9684054817464894
R26un,0.9047993236116172
K27me1,0.0843124609011487
K36me1,0.148207236551066
K9un,0.0857165788101495
R26me2,0.0223114698717847
K27me2,0.3061796261644442
K36un,0.6024660992891626
K9me1,0.1460496378770225
K14me1,0.1259968458264715
R17me2,0.0203209920819989
K18me1,0.0179407672164376
R26me1,0.0728892065165948
K27me3,0.5096638470541922
K27un,0.0271056462609962
K36me3,0.0160598884620596
K9me3,0.1457901089744112
K36me2,0.2332667756977081
K23me2,0.0067038916883246
K14me2,0.0136488105101743
R17me1,0.0235341494512408
K23me1,0.0150447614257371
K27ac,0.0727384196192151
R8me1,0.0108530772500279
K14ac,0.0975420324147963
K23ac,0.0074386690301203
K18ac,0.0103111316977597
K9ac,0.0331826455825813
K14me3,0.0145117894835438
K4me1,0.0059955310413555
K18me2,0.0015805652981121
K23me3,0.0024071961093249
