PTM Combination,Percentage Abundance
K4un,0.9896021137593032
R8un,0.9831934581606449
K9un,0.5160467942128849
K14un,0.5972835269198284
R17un,0.97661476531934
K18un,0.8413910833449558
K23un,0.7376749985520237
R26un,0.9214697123032356
K27me2,0.4907499105025318
K36un,0.2722841426188357
K27un,0.1049364501113017
K36me2,0.5058359421358078
K27me3,0.2917508896793899
K27ac,0.0293204030041388
K36me1,0.1369436932714991
K27me1,0.0832423467026249
K36me3,0.0849362219738448
R26me1,0.0553434600360981
K14me2,0.0103539028808405
R26me2,0.0231868276606544
K23me1,0.0174582756772219
K18me1,0.037412649546257
K23me2,0.0477952056754423
K9me1,0.2046933748655356
K14me1,0.1150267136263951
K9me2,0.2457487174298048
K23ac,0.1382823680450413
R17me1,0.0196624100812981
K9me3,0.0300490141763158
R8me1,0.0168065418393435
K18me2,0.0182220826083465
K23me3,0.0587891520502585
R17me2,0.0037228245993497
K14ac,0.274891134664548
K18ac,0.1029741845004283
K9ac,0.0034620993154467
K14me3,0.0024447219083754
K4me1,0.0103978862406847
