PTM Combination,Percentage Abundance
K4un,0.9913982313176272
R8un,0.9412229977691174
K9un,0.3903703575021565
K14un,0.7159994622171919
R17un,0.9691828384479352
K18un,0.8716639055429839
K23un,0.8880402333195555
R26un,0.8407741445654702
K27me1,0.1919142322038627
K36un,0.2268966631220218
K27un,0.103009575043636
K36me2,0.4847151900736211
K27me2,0.4498295166295962
K36me1,0.1339510346629139
K27me3,0.2446925737970419
R26me1,0.1331995773656903
K27ac,0.0105541023258515
R26me2,0.0260262780688278
K23me1,0.0287791681032899
K36me3,0.1544371121414315
K9me2,0.3460726707094461
K23ac,0.0601265956918337
K9me3,0.0265219147848942
K9me1,0.2228196217893546
K14me1,0.1521380676956113
R8me1,0.0587770022308708
K23me2,0.0100847012088894
K14me2,0.0163422935334035
K18me1,0.0217804227140687
R17me1,0.0213117210738835
R17me2,0.0095054404781696
K14me3,0.0038332684559921
K18me2,0.0046662095777328
K14ac,0.1116869080977889
K4me1,0.0086017686823611
K23me3,0.0129693016764198
K18ac,0.1018894621652031
K9ac,0.0142154352141369
