PTM Combination,Percentage Abundance
K4un,0.9826356998613134
R8un,0.9855389607096564
K9un,0.70132812128386
K14un,0.6153765439952866
R17un,0.979214121253194
K18un,0.7998349651617813
K23un,0.6969654660555209
R26un,0.9512876635393672
K27un,0.1293421970409413
K36me2,0.4421281939833171
K27me2,0.4513445009375035
K36un,0.3280747001311258
K27me3,0.298393293567026
K36me1,0.1230000606702358
K27ac,0.0200010312629928
K36me3,0.1067970452153118
K27me1,0.1009189771915268
K9me2,0.1831056583316923
R26me1,0.0253974391918453
K9me3,0.0375447213683323
K23me2,0.0291394365844669
K23me1,0.0150119525608533
R26me2,0.0233148972687774
K9me1,0.0648879323753539
K23ac,0.2041187883930865
K14me1,0.0299003370146487
R17me2,0.0141100560721402
K18ac,0.1665665979026935
K14me2,0.0035203806788749
R17me1,0.0066758226746554
K18me1,0.0231865135435486
R8me1,0.0144610392903335
K23me3,0.0547643564060624
K14ac,0.3409247022080652
K14me3,0.010278036103115
K9ac,0.0131335666407515
K4me1,0.0173643001386764
K18me2,0.0104119233919667
