PTM Combination,Percentage Abundance
K4un,0.9785287443825972
R8un,0.9498769182428284
K9un,0.477453969552732
K14un,0.6822208069641882
R17un,0.9645400434840264
K18un,0.827723657045483
K23un,0.8572067727126
R26un,0.881882603643623
K27me2,0.5130965505897291
K36un,0.1727491000575682
K27un,0.0990545279704407
K36me2,0.5597386212903013
K36me1,0.131793632182403
K27me3,0.2141071537778575
K36me3,0.1357186464697152
K27me1,0.1625506276927079
R26me1,0.0943701562852553
R26me2,0.0237472400711092
K14me1,0.1206533149724675
R17me1,0.0145710116259689
K23me1,0.0300796926172022
K9me2,0.2818155218189887
K23me2,0.0142449340674863
R8me1,0.0501230817571592
K9me1,0.2052479771065587
K14me2,0.0141567428726874
R17me2,0.0208889448899925
K14me3,0.0017535644468434
K18me1,0.0304727360147777
K18me2,0.0033980602998328
K27ac,0.0111911399692525
K23ac,0.0809129749871858
K18ac,0.1384055466398946
K14ac,0.181215570743801
K4me1,0.0214712556173905
K9ac,0.0221200471533975
K9me3,0.0133624843683108
K23me3,0.0175556256155135
