PTM Combination,Percentage Abundance
K4un,0.9908387725401838
R8un,0.9786970250830712
K9un,0.4942743531202487
K14un,0.5277726692522775
R17un,0.9682958091783488
K18un,0.8308024559705612
K23un,0.7734407555573473
R26un,0.8705091550302801
K27me3,0.2394722232306762
K36un,0.1982602236133631
K27me2,0.5339384512087936
K36me1,0.1598030937718476
R26me1,0.0924934337971533
K27me1,0.1216099790824292
K36me2,0.5447170826411404
R26me2,0.0369974111725552
K27un,0.0920384934970331
K36me3,0.0972195999736373
R17me1,0.0204288234886743
K18me1,0.0421111907521597
K23me2,0.0295833883364891
K9me2,0.2372377170485734
K23me1,0.0220303815315986
K9me1,0.2261775301182725
K14me1,0.1485979610378179
K14me2,0.0226406014826202
K27ac,0.0129408529810567
K14me3,0.0018245620464839
R8me1,0.0213029749169179
R17me2,0.0112753673329661
K23ac,0.1087982782722815
K18ac,0.1210488658241851
K14ac,0.2991642061807893
K4me1,0.0091612274598052
K9ac,0.0135921991335691
K9me3,0.0287182005793247
K23me3,0.0661471963022725
K18me2,0.0060374874530828
