PTM Combination,Percentage Abundance
K4un,0.9968381365939962
R8un,0.9914335517232672
K9un,0.6154853355342186
K14un,0.716874081994409
R17un,0.9728418335566332
K18un,0.8900366389100708
K23un,0.834420399118381
R26un,0.9213892571724134
K27me2,0.5285995557644004
K36un,0.274496674256236
K27un,0.1178989831097526
K36me2,0.5143435267021559
K27me1,0.0766937509904135
K36me1,0.1405669440850076
K23me2,0.020849693762462
K18me2,0.0146560542924919
K14me2,0.0087221552750919
K9me1,0.1392611540440718
R17me1,0.0172164650989886
K9me2,0.1953015399234422
K14me1,0.0876935623518618
K27me3,0.262317154060433
K36me3,0.0705928549565909
K27ac,0.0144905560749908
R26me1,0.046846949391596
K18me1,0.021436634626594
K23me1,0.0182452014586752
R26me2,0.0317637934359801
R17me2,0.0099417013443679
K14me3,0.0047515427718618
K23me3,0.0339242490495611
K23ac,0.0925604566109105
K9me3,0.0412440468091987
K18ac,0.073870672170833
K14ac,0.1819586576067653
K9ac,0.0087079236890586
R8me1,0.0085664482767222
K4me1,0.0031618634059933
