PTM Combination,Percentage Abundance
K4un,0.9839342427970564
R8un,0.9717452514427394
K9un,0.1462133825936815
K14un,0.5119575376886133
R17un,0.94493869001053
K18un,0.8326032204884741
K23un,0.8831310221693685
R26me1,0.0466104748864144
K27me2,0.2658730768907053
K36un,0.6671918075241977
K14me1,0.1034590292367209
R17me1,0.0190334611351147
R26un,0.9380330624229106
R17me2,0.0360278488543489
K9me2,0.5880160818771719
K27me1,0.0686586552154439
K36me1,0.0330940933581347
R8me1,0.0282547485572541
K9me1,0.1911518100021504
K36me2,0.2183544417937437
K27me3,0.6262360252196674
K9me3,0.0390778927721722
K14me2,0.0301092570139585
K27un,0.0286713683193947
K36me3,0.0813596573239172
K23me1,0.0114112304716604
K14me3,0.0023216395683478
K18me1,0.0753984005572476
K18me2,0.0182255642922945
R26me2,0.0153564626906685
K14ac,0.3521525364923528
K27ac,0.0105608743547819
K9ac,0.0355408327548174
K23ac,0.0477875649251958
K18ac,0.0737728146619772
K4me1,0.0160657572029371
K23me3,0.0140491156986108
K23me2,0.0436210667351579
