PTM Combination,Percentage Abundance
K4un,0.9999999999999998
R8un,0.7373667267196311
K9un,0.6698108331610501
K14un,0.75546383531705
R17un,0.9999999999999998
K18un,0.8353871939513865
K23un,0.8353871939513865
R26un,0.9324441064414186
K27me2,0.4538232080096872
K36un,0.5723404412416195
K27me1,0.0851029268436751
K36me1,0.1650262854780116
K27ac,0.023479724740837
K27me3,0.4375941404058003
K9me2,0.0675558935585811
R26me1,0.0675558935585811
R8me1,0.2626332732803686
K9me1,0.2626332732803686
K36me2,0.2626332732803686
K14ac,0.2445361646829498
K18me1,0.1646128060486133
K23me3,0.1646128060486133
K4me1,0.0
K9me3,0.0
K9ac,0.0
K14me1,0.0
K14me2,0.0
K14me3,0.0
R17me1,0.0
R17me2,0.0
K18me2,0.0
K18ac,0.0
K23me1,0.0
K23me2,0.0
K23ac,0.0
R26me2,0.0
K27un,0.0
K36me3,0.0
