PTM Combination,Percentage Abundance
K4un,0.9932891399330036
R8un,0.9937983229740688
K9un,0.7247077363396333
K14un,0.5701580702080513
R17un,0.985739060044618
K18un,0.7866495194897041
K23un,0.7298581165354969
R26un,0.9253613097708412
K27me2,0.537170455497878
K36un,0.279997919808969
K27un,0.0838250598989906
K36me2,0.5140877216032665
K27me3,0.2569692663930678
K36me3,0.0674066417036253
K27ac,0.0195445952452034
K36me1,0.1385077168841294
K27me1,0.1024906229648506
R26me1,0.0356790161272389
K9me2,0.1668165286847739
K14me1,0.0498705415815851
K14me2,0.009250155462676
R26me2,0.0389596741019091
K14ac,0.3693655555746255
K9me1,0.0938245441522399
K23me3,0.0902749610861773
K23me2,0.0344012993676504
R17me1,0.010957075246927
K23ac,0.1325425952024908
K23me1,0.0129230278081742
K18me2,0.0204959591298186
K18ac,0.161204706617327
K14me3,0.0013556771730525
K9me3,0.0119279806599827
R17me2,0.0033038647084445
K18me1,0.0316498147631397
K9ac,0.0027232101633599
K4me1,0.0067108600669854
R8me1,0.0062016770259205
