PTM Combination,Percentage Abundance
K4un,0.997090559083294
R8un,0.9972445612511188
K9un,0.8311271139436427
K14un,0.5815661439605618
R17un,0.9703293284612008
K18un,0.8275763658949931
K23un,0.6520269271153959
R26un,0.8941310136512258
K27me2,0.638578524903368
K36un,0.2074048889186735
K27un,0.0815606154508068
K36me2,0.653129267733104
R26me1,0.0408015814309527
K27me1,0.0813959985442459
K36me1,0.1017640604819547
K27me3,0.1914222768042552
K36me3,0.0377017828662599
K27ac,0.0070425842973158
R26me2,0.0650674049178138
K23me1,0.0398897458881669
K23ac,0.1597996432681144
K9me2,0.0907517113243946
K9me1,0.0554787870785713
K14me1,0.0574850021850138
K14me2,0.002990289843402
R17me1,0.0082889020518199
R17me2,0.021381769486972
K18me1,0.0163493808231235
K18ac,0.1137508131700696
K23me3,0.1132843838587912
R8me1,0.0027554387488736
K14ac,0.3562194570107034
K14me3,0.0017391070003109
K9ac,0.0108037990267873
K18me2,0.042323440111806
K9me3,0.0118385886265961
K23me2,0.0349992998695234
K4me1,0.0029094409166981
