PTM Combination,Percentage Abundance
K4un,0.9945739048018571
R8un,0.985519358115143
K9un,0.1025649024529931
K14un,0.7710947208003607
R17un,0.9450211786063836
K18un,0.9047304019506276
K23un,0.9369240840530392
R26un,0.9628258198467248
K27me3,0.7613832197330659
K36un,0.4057584002285574
K27me2,0.1755569454665277
K36me1,0.4498823422472901
R26me1,0.0349108334694807
K27un,0.0099681667113303
K36me3,0.0144901851226438
R17me2,0.0338775099594142
K9me1,0.0946012726285451
K14me1,0.0982661044158855
K9me2,0.7305202832643861
K27me1,0.0484600342558291
K14me2,0.028750734987485
K23me2,0.0081476930461675
R26me2,0.0022633466837898
K36me2,0.1298690724015033
K18me2,0.0171955084988593
R17me1,0.0211013114341975
K9me3,0.0473396792291057
K18me1,0.0208359461535017
K23me3,0.0106985671153592
R8me1,0.014480641884852
K23me1,0.0109312955773081
K14ac,0.1018884397962635
K27ac,0.0046316338332418
K18ac,0.0572381433970064
K23ac,0.0332983602081209
K9ac,0.0249738624249649
K4me1,0.005426095198138
K14me3,0.0
