PTM Combination,Percentage Abundance
K4un,0.9924936947454408
R8un,0.984058918399778
K9un,0.1155143290855505
K14un,0.716081759245532
R17un,0.9425607435429438
K18un,0.8901928317260164
K23un,0.935339391402798
R26un,0.9423931779789326
K27me2,0.2140161774846114
K36un,0.5600507361550958
K27me3,0.7113971464606318
K36me1,0.3044983809451034
R26me2,0.005282945925461
R17me2,0.0498853176574003
K9me2,0.6763798423647014
K27me1,0.0619112966809931
K9me1,0.136153771808642
K14me1,0.1343900857656879
K23me2,0.0064585314216893
R26me1,0.0523238760956
R8me1,0.0159410816002158
K14me2,0.0280173070371172
K36me2,0.1252473452540756
K23me1,0.00407800328168
K18me1,0.0307320771091601
R17me1,0.0075539387996494
K9me3,0.0394973607637068
K14me3,0.0016581179592349
K27ac,0.0057646712721087
K14ac,0.1198527299924219
K36me3,0.0102035376457192
K23ac,0.045912006943388
K18me2,0.0175011554417869
K18ac,0.0615739357230303
K27un,0.0069107081016489
K9ac,0.0324546959773928
K4me1,0.007506305254553
K23me3,0.0082120669504385
