PTM Combination,Percentage Abundance
K4un,0.9854412255409984
R8un,0.9674486627770535
K9un,0.5316294050720534
K14un,0.5907705066920893
R17un,0.9647032120723084
K18un,0.8336547990159251
K23un,0.8111702003601465
R26un,0.8784929903470787
K27me2,0.5478704063777733
K36un,0.157584513259525
K27un,0.1008837943527882
K36me2,0.5774140659774384
R26me1,0.0868996341140198
K27me1,0.1342149981716751
K36me1,0.1520091119716231
K36me3,0.1129923087914023
K27me3,0.2098583714541116
R26me2,0.0346073755388902
K23me1,0.0306948441553315
K23ac,0.0856487844130357
K18ac,0.1095202795086562
K9me2,0.2202541780417799
K9me1,0.2242471466029014
K14me1,0.1188312697356695
R17me1,0.0224844051938328
R17me2,0.0128123827338477
K14me2,0.0167151980286139
R8me1,0.0325513372229352
K18me1,0.0525464568229361
K23me2,0.0311481039966284
K18me2,0.0042784646524711
K9ac,0.0133964335978303
K14ac,0.2727475510565925
K27ac,0.0071724296436402
K4me1,0.0145587744589901
K23me3,0.0413380670748464
K9me3,0.0104728366854229
K14me3,0.0009354744870232
