PTM Combination,Percentage Abundance
K4un,0.8865836875932895
R8un,0.9999999999999992
K9un,0.6820456865082888
K14un,0.7195671030168538
R17un,0.9999999999999992
K18un,0.8300532999046788
K23un,0.8266726331501495
R26un,0.9252268847293776
K27me2,0.1820472189954851
K36un,0.2900599815488539
K18me2,0.0063598218636883
K27un,0.0063598218636883
K27me3,0.4666239613568025
R26me1,0.0747731152706218
K36me1,0.5402385163071961
K9me2,0.1482528113477612
K27ac,0.3449689977840234
K23ac,0.1733273668498499
K18ac,0.1635868782316323
K9me1,0.0562851897372396
K14me1,0.1697015021439494
K36me2,0.1697015021439494
K14ac,0.1107313948391961
K4me1,0.1134163124067098
K9ac,0.1134163124067098
R8me1,0.0
K9me3,0.0
K14me2,0.0
K14me3,0.0
R17me1,0.0
R17me2,0.0
K18me1,0.0
K23me1,0.0
K23me2,0.0
K23me3,0.0
R26me2,0.0
K27me1,0.0
K36me3,0.0
