PTM Combination,Percentage Abundance
K4un,0.9945137131885377
R8un,0.9294216624796308
K9un,0.2158652230598677
K14un,0.6435353459669259
R17un,0.8901919363455877
K18un,0.8747119361871377
K23un,0.8779543961016124
R26un,0.9038693805611294
K27me3,0.4041445554289513
K36un,0.6522776790779491
R26me1,0.0663629508381032
K27me1,0.1378314157173397
K36me1,0.1579766366431708
K27me2,0.3953147367861205
K27ac,0.047682800723719
K9me1,0.1761751612055762
K14me1,0.1030588667218598
K9me2,0.5373567182103648
R17me1,0.0200942804100082
R17me2,0.0897137832443961
R8me1,0.0705783375203613
R26me2,0.0297676686007595
K14ac,0.2397175548990652
K36me2,0.1544296124534202
K14me2,0.0106363190201212
K18me1,0.0209012543722744
K23me2,0.0257564991088357
K27un,0.0150264913438621
K23me3,0.0356945015343256
K18me2,0.0139928641136454
K9me3,0.0670728310309659
K23me1,0.0080929511019085
K9ac,0.0035300664932181
K23ac,0.0525016521533099
K36me3,0.0353160718254524
K18ac,0.0903939453269347
K4me1,0.0054862868114547
K14me3,0.0030519133920202
