PTM Combination,Percentage Abundance
K4un,0.9936818302195952
R8un,0.9935482386672028
K9un,0.750850860088277
K14un,0.7359145014064639
R17un,0.989883213477552
K18un,0.8356973703988058
K23un,0.7392688099257504
R26un,0.95962125031058
K27un,0.1107921063906123
K36me2,0.4198068009501156
K27me2,0.449091009948042
K36un,0.3222782957951096
K27me3,0.2849145586672937
K27me1,0.1407876533388662
K36me1,0.1514508206192131
K14me2,0.0013559823759355
K36me3,0.1064640826355508
K23ac,0.1898187183595558
K27ac,0.0144146716551749
R26me1,0.0253298121333634
K9me2,0.1304765378877481
K14ac,0.2240629674809589
K18me1,0.0143883419003021
K9me1,0.0827246388222248
K14me1,0.0358518723778879
K18me2,0.0016709169196537
R26me2,0.0150489375560458
K23me3,0.0450609725546806
K23me2,0.0131120389864418
K18ac,0.1482433707812281
K23me1,0.012739460173561
R8me1,0.0064517613327864
K9me3,0.0270170381633178
R17me1,0.0028917995339375
K9ac,0.0089309250384207
R17me2,0.0072249869884995
K14me3,0.002814676358743
K4me1,0.006318169780394
