PTM Combination,Percentage Abundance
K4un,0.9736645338407066
R8un,0.9734893905122152
K9un,0.5014069388598079
K14un,0.642459771171736
R17un,0.9754305681378772
K18un,0.8198338888829168
K23un,0.6793365144041397
R26un,0.8736040032970422
K27me2,0.4726334248070065
K36un,0.2070005006323481
R26me1,0.1029826828553683
K27me1,0.1590043008870145
K27un,0.1009286197916571
K36me2,0.5059165068010597
K36me1,0.1674454981947948
K9me2,0.3014375424897466
K27me3,0.2265481477382925
K36me3,0.119637494371784
R26me2,0.0234133138475763
K18me2,0.0125684664748366
K23me2,0.0379118437447138
K23me1,0.0354453967103047
K23ac,0.1520726280271319
R17me2,0.0112591467943787
K18ac,0.1219183261812421
K9me1,0.1566781979107199
K14me1,0.0869830931977208
K27ac,0.040885506776016
R17me1,0.0133102850677307
K14me2,0.0064825512283337
K18me1,0.0456793184609913
K9me3,0.0143648727126643
K23me3,0.095233617113697
K14ac,0.2621165462203543
R8me1,0.0265106094877719
K9ac,0.0261124480270478
K4me1,0.0263354661592802
K14me3,0.0019580381818419
