PTM Combination,Percentage Abundance
K4un,0.9926887521100164
R8un,0.9845396709548424
K9un,0.7428049267333469
K14un,0.6209891749132492
R17un,0.9834750175662128
K18un,0.7948231341541372
K23un,0.7619869140241455
R26un,0.91698853548005
K27un,0.1168670424525331
K36me2,0.5900778460927615
K27me2,0.5859945615760045
K36un,0.2094211072820248
K36me3,0.0812339684692998
K27me3,0.1741910109279585
K36me1,0.1192670781559026
K27me1,0.1064739297157288
K27ac,0.0164734553277636
R26me1,0.0340821098932498
K9me2,0.1237479192396432
R26me2,0.0489293546266887
K9me3,0.0363953725813189
K14me2,0.0089067511387016
R17me1,0.0113711011711756
K23ac,0.1500803776027327
K23me3,0.043055552703944
K14me1,0.0350578650661231
K9me1,0.0947552321984997
R8me1,0.0154603290451466
K23me1,0.0230131834108859
K14ac,0.3317937876932621
K23me2,0.0218639722582805
K18me1,0.0112515496403414
R17me2,0.0051538812626005
K14me3,0.0032524211886517
K18ac,0.180550691307894
K9ac,0.0022965492471798
K4me1,0.0073112478899727
K18me2,0.0133746248976162
