PTM Combination,Percentage Abundance
K4un,0.9868035689326288
R8un,0.9543292793325334
K9un,0.1567195237055709
K14un,0.6680831177478967
R17un,0.8769297523154964
K18un,0.9449234425854688
K23un,0.9371820203655
R26un,0.9148716370186636
K27ac,0.0484347611292447
K36un,0.726850454417672
K9me1,0.1700200998689086
K14me1,0.1410373856664303
K27me2,0.3390167643989768
R17me2,0.0628418508930293
K9me2,0.5959440622824457
K27me1,0.1128181703353391
K36me1,0.1429491279699126
K18me2,0.0014591755486517
K23me2,0.0146141011383043
R17me1,0.060228396791469
K14me2,0.0093658793114934
K18me1,0.0197941866754849
K23me1,0.0035251163106877
K27me3,0.4841986402805489
K9me3,0.0698768050115282
R26me1,0.0752420498500974
R8me1,0.0456707206674613
K27un,0.0155316638558854
K36me3,0.022118313944292
K9ac,0.0074395091315414
K36me2,0.1080821036681182
K14ac,0.1804338242272169
R26me2,0.0098863131312336
K18ac,0.0338231951903892
K23ac,0.0181308939180561
K23me3,0.0265478682674467
K4me1,0.0131964310673658
K14me3,0.0010797930469574
