PTM Combination,Percentage Abundance
K4un,0.9967777287159548
R8un,0.997837143571585
K9un,0.7760245265145282
K14un,0.6248029101230272
R17un,0.9757168629709954
K18un,0.7653506063908703
K23un,0.666024965219085
R26un,0.9630705302930108
K27me2,0.558224747445051
K36un,0.2914822990915743
K27un,0.068236254942896
K36me2,0.5093504035632626
K27me3,0.3172064809671541
K36me1,0.1433000887995814
K27me1,0.0548136144360424
K23me2,0.0329947234741265
K36me3,0.0558672085455732
R26me2,0.0185653282844153
R26me1,0.0183641414225654
K9me2,0.1017831679883325
R17me2,0.0177033109458582
K9me1,0.0769729995121113
K14me1,0.072461765022886
K14me2,0.0113926846034974
K18me2,0.0237095396129697
K18me1,0.0274921651390195
K23me3,0.0809850561914897
K23ac,0.1891780375983456
K14ac,0.2873902364523761
R8me1,0.0021628564284065
K18ac,0.1834476888571322
K23me1,0.0308172175169444
R17me1,0.0065798260831379
K9ac,0.0263536818934126
K27ac,0.0015189022088479
K9me3,0.0188656240916069
K14me3,0.0039524037982046
K4me1,0.0032222712840366
