PTM Combination,Percentage Abundance
K4un,0.991322641313516
R8un,0.965274795313336
K9me2,0.6281341477176487
K14un,0.6769302356254423
R17un,0.9746411160858096
K18un,0.9327140661931989
K23un,0.9662152572333328
R26un,0.911043300365964
K27me1,0.0865181957467443
K36me1,0.1811763433685451
K9me1,0.1685117497322688
K14me1,0.1617761418000299
K27me2,0.2871775840737521
K36un,0.5004308061081681
K27me3,0.5084364062803679
R26me1,0.0861013163394811
K9un,0.0408625788932242
K14me2,0.0010980589251003
R17me1,0.015676754718233
K36me2,0.3009671684170273
K27ac,0.117867813899134
K18ac,0.0198327485142973
K14ac,0.1601955636494259
K9me3,0.1281188897879803
R8me1,0.0347252046866625
K18me1,0.0474531852925025
K23me3,0.0132713267455941
K23ac,0.0166684177445011
K4me1,0.0086773586864827
R26me2,0.0028553832945536
R17me2,0.0096821291959562
K36me3,0.0174256821062578
K23me1,0.0038449982765707
K9ac,0.0343726338688764
K14me3,0.0
K18me2,0.0
K23me2,0.0
K27un,0.0
