PTM Combination,Percentage Abundance
K4un,0.9738650049762496
R8un,0.9697026357028194
K9un,0.5483574214436437
K14un,0.6677262625728069
R17un,0.9702491532220844
K18un,0.8050238969390235
K23un,0.7928360091504437
R26un,0.8575869388396462
K27me2,0.5186554976162154
K36un,0.1942414560957153
R26me1,0.1102656235262761
K27me1,0.1688349398586718
K27un,0.1067567748833432
K36me2,0.5388709529381626
K36me1,0.1645366488560487
K27me3,0.1970419675898101
K36me3,0.1023509421100591
R26me2,0.0321474376340634
R17me2,0.012799192306591
K27ac,0.0087108200519451
K23me1,0.0278256674175136
K14me2,0.0105128893279837
K18me2,0.0047394425128394
K23me2,0.0096375255084277
K9me2,0.2557960969160251
K23ac,0.152478768104894
K14me3,0.0046407727798275
K23me3,0.0172220298187067
K9me1,0.1539286069242632
K14me1,0.0821090079805021
R17me1,0.0169516544713104
R8me1,0.0302973642971666
K9me3,0.0247276891753422
K18me1,0.0220675776770648
K14ac,0.235011067338866
K18ac,0.1681690828710583
K9ac,0.0171901855407113
K4me1,0.0261349950237364
