PTM Combination,Percentage Abundance
K4un,0.9890734615624784
R8un,0.956760145727526
K9me2,0.554224439429623
K14un,0.6804280491652952
R17un,0.9288281192615232
K18un,0.9293437997162572
K23un,0.9168497247457555
R26un,0.91229360746057
K27me1,0.1322257505702193
K36me1,0.2199864759396343
K9un,0.135422034039586
R17me2,0.0259345040430503
K27me2,0.3143550362957051
K36un,0.379582492779235
R17me1,0.0452373766954248
K18me1,0.0149627111724529
K27un,0.0914062519343173
K36me2,0.2812579521942615
K9me1,0.2650660811008954
K14me1,0.1696577691957886
R8me1,0.0432398542724722
K36me3,0.1191730790868671
K27me3,0.3438836226545061
R26me1,0.0877063925394283
K18me2,0.0130218599544484
K27ac,0.1181293385452501
K23me1,0.0427459069497326
K23ac,0.025892000639339
K9me3,0.0441027146332478
K14me3,0.0009118286834976
K18ac,0.0426716291568394
K14ac,0.1490023529554166
K23me3,0.0145123676651711
K4me1,0.0109265384375198
K9ac,0.0011847307966458
K14me2,0.0
K23me2,0.0
R26me2,0.0
