PTM Combination,Percentage Abundance
K4un,0.990000295845086
R8un,0.9534406608885068
K9me2,0.5635825621571805
K14un,0.7048517684169442
R17un,0.8945839029869039
K18un,0.9405466717579078
K23un,0.95948029054089
R26un,0.8949572235318837
K27me1,0.1366386585192744
K36me1,0.1600737459851631
K9un,0.1325141529886166
R17me2,0.0733426364588981
K27me2,0.3984882292531839
K36un,0.6654260553409626
K9me1,0.1641975276643751
K14me1,0.1100053385211524
R17me1,0.0320734605541936
R8me1,0.0465593391114886
R26me1,0.0972523369719004
K18me1,0.0302561030775661
K14me2,0.014476211638004
K27me3,0.3939941391850037
K9me3,0.1320581732786873
K27un,0.013727212193338
K36me2,0.1511960582692928
K27ac,0.0571517608491958
K14me3,0.0104991383015553
K14ac,0.1601675431223396
K36me3,0.023304140404577
K18me2,0.003674456732562
K23ac,0.0086274686165447
K18ac,0.0255227684319598
K23me2,0.0138234844354541
K23me1,0.0089367866838044
R26me2,0.0077904394962114
K4me1,0.0099997041549095
K23me3,0.0091319697233021
K9ac,0.007647583911136
