PTM Combination,Percentage Abundance
K4un,0.9402567277279008
R8un,0.8170680639793501
K9me2,0.1242080409770226
K14un,0.7239707687916523
R17un,0.93552940628234
K18un,0.9999999999999988
K23un,0.9914132840062614
R26un,0.6133990826252159
K27me1,0.0093167842564144
K36me3,0.0093167842564144
K9me1,0.3555885495783011
K14me1,0.2352910338167874
K27me2,0.5319582851421396
K36me2,0.5914983291921803
K27ac,0.0516639796098664
K36me1,0.2376708751304963
K23me1,0.0085867159937374
K27me3,0.4070609509915785
K36un,0.161514011420908
K9un,0.3676903371452645
K14me2,0.0104248311231724
K14ac,0.0303133662683866
R26me2,0.0665546538292015
R26me1,0.3200462635455816
R8me1,0.1829319360206489
R17me1,0.064470593717659
K4me1,0.0597432722720979
K9me3,0.1525130722994108
K9ac,0.0
K14me3,0.0
R17me2,0.0
K18me1,0.0
K18me2,0.0
K18ac,0.0
K23me2,0.0
K23me3,0.0
K23ac,0.0
K27un,0.0
