PTM Combination,Percentage Abundance
K4un,0.9953222031302152
R8un,0.9922683609098756
K9un,0.6781432221243577
K14un,0.5911275815061403
R17un,0.9732042352580644
K18un,0.7417181939854665
K23un,0.6934226221652574
R26un,0.9520744513184576
K27me2,0.5551940086174055
K36un,0.2307385740114257
K27un,0.0763395651303463
K36me2,0.5207189095973811
K27me1,0.0658351983228083
K36me1,0.1908611658007641
K27me3,0.2993628930287827
K36me3,0.0576813505904201
R26me1,0.0262020144511125
K9me2,0.1808745736811808
K23me1,0.0125075552057955
R26me2,0.0217235342304208
K23me2,0.0266518549238222
R17me2,0.0155417592599438
K14me2,0.0055296589998277
K9me1,0.0809479483604503
K14me1,0.0873724443837818
K14ac,0.3129856717744161
R17me1,0.0112540054819831
K23me3,0.0685890753096225
K9me3,0.0361525992890646
K23ac,0.1988288923954934
K18ac,0.1975096753164447
K18me1,0.0354507794299868
K9ac,0.0238816565449375
K27ac,0.0032683349006482
K18me2,0.0253213512680931
R8me1,0.0077316390901157
K14me3,0.0029846433358251
K4me1,0.0046777968697761
