PTM Combination,Percentage Abundance
K4un,0.996662762103379
R8un,0.9836871843807198
K9un,0.1232242461595362
K14un,0.6807439430412962
R17un,0.9264900558845476
K18un,0.8926394513892142
K23un,0.8604653687529031
R26un,0.9190158909636902
K27me3,0.5247639953699093
K36un,0.6658235569491228
R26me1,0.0674070704609667
K27me2,0.2279778064465923
K9me1,0.127604447313289
K14me1,0.0897890710920212
R17me2,0.0601218094115486
K9me2,0.7004683855583386
K27me1,0.157933049309743
K36me1,0.2130242030875698
R17me1,0.0133881347038974
K23me2,0.0215852870634724
K14me2,0.0108838473932472
K27ac,0.0811822194672917
K23me1,0.0054149153335318
K9me3,0.0335788857794446
R8me1,0.016312815619274
K14ac,0.2138713096794945
K9ac,0.0151240351893854
K18ac,0.066473672627704
K36me3,0.0247496625980051
K36me2,0.0964025773652961
K23ac,0.0582477958023382
R26me2,0.0135770385753368
K18me1,0.0277313652606011
K27un,0.0081429294064577
K23me3,0.0542866330477481
K18me2,0.0131555107224745
K14me3,0.0047118287939347
K4me1,0.0033372378966148
