PTM Combination,Percentage Abundance
K4un,1.0
R8un,1.0
K9me1,0.2115548372521419
K14ac,0.2115548372521419
R17un,0.5181516431190588
K18me1,0.2115548372521419
K23un,1.0
R26un,1.0
K27me2,1.0
K36me2,1.0
K9ac,0.4818483568809412
K14un,0.7884451627478581
R17me2,0.4818483568809412
K18un,0.4818483568809412
K9me3,0.3065968058669169
K18ac,0.3065968058669169
