PTM Combination,Percentage Abundance
K4un,0.9869586855764725
R8un,0.9804469885966204
K9un,0.7288142578034668
K14un,0.651182648684784
R17un,0.9726454046114875
K18un,0.8260294830135321
K23un,0.8129177391686689
R26un,0.9246945203791629
K27me2,0.6620624487259853
K36un,0.10467217669188131
K27un,0.11398740699029214
K36me2,0.7599652468245369
K27me3,0.1225532687785361
K36me1,0.07229750645339797
R26me1,0.03924950643112068
K27me1,0.08890865721085096
K36me3,0.06306507003017349
K23me1,0.0135685224774772
K27ac,0.012488218294325601
K23ac,0.11560864270526768
R26me2,0.0360559731897064
K9me2,0.051259161737194595
R17me1,0.019327093645454697
K9me1,0.1685472516863566
K14me1,0.07873872071684462
R8me1,0.019553011403369805
K9ac,0.0158440483161814
K18ac,0.1501179799397635
K23me2,0.017979394824204502
K18me1,0.022486731228923102
K14me3,0.0011245257589079
R17me2,0.008027501743048001
K14ac,0.2670808900823874
K4me1,0.013041314423517199
K9me3,0.0355352804567906
K18me2,0.0013658058177712
K23me3,0.039925700824371704
K14me2,0.0018732147570661999
