PTM Combination,Percentage Abundance
K4un,0.9863719765360313
R8un,0.9701587755746256
K9un,0.0735657764915849
K14un,0.650419130405861
R17un,0.9478147770506259
K18un,0.9390824371842156
K23un,0.9813726271690596
R26un,0.9497751554788546
K27me3,0.3458611425063169
K36un,0.3228812260829663
K9me2,0.42014215341847505
K27me1,0.06813942445503819
K36me1,0.18434558459047518
K14me1,0.0715790692014867
R17me1,0.0241218565714459
K27me2,0.5363093481580862
R8me1,0.0298412244253706
K9me1,0.11925908735058449
R17me2,0.028063366377924302
K9me3,0.37365481951466156
K27un,0.019247981717871503
K36me2,0.4715111816498771
R26me1,0.0398073915079321
K27ac,0.0304421031626833
K14me2,0.0006439353347315
K18me1,0.0202699572772971
K36me3,0.0212620076766777
K23me1,0.0048470180947245
R26me2,0.0104174530132094
K14ac,0.2740447506188263
K14me3,0.0033131144390909
K23ac,0.009906349756032001
K18ac,0.0406476055384834
K4me1,0.0136280234639649
K23me2,0.0003684061048118
K9ac,0.0133781632246902
K23me3,0.0035055988753682
