PTM Combination,Percentage Abundance
K4un,0.9430177629620463
R8un,0.9602013792782835
K9un,0.37953207696949076
K14un,0.6491059982419916
R17un,0.9651090867322426
K18un,0.857139286876082
K23un,0.854702297788381
R26un,0.9103975203144987
K27un,0.10263886122981991
K36me2,0.5943074679196717
K27me2,0.5675265335538431
K36un,0.10117406296213201
K27me1,0.05536975396014109
K27me3,0.2713240801072503
K36me1,0.2371507010936652
K36me3,0.06736776802452225
R26me1,0.05593621919563804
R17me2,0.017639017980207297
R26me2,0.033666260489854306
K9me1,0.24083190983779118
K14me1,0.12729748662727297
K9me2,0.2967152225730884
K23me2,0.005243626045734
K23ac,0.0966734245209328
K18me1,0.03398420175560161
K14me2,0.0068772963201007
K23me1,0.0117391015998985
R17me1,0.0172518952875411
R8me1,0.039798620721707444
K9me3,0.046486985908083304
K18ac,0.10873015973125663
K14ac,0.21198204470208976
K27ac,0.0031407711489367003
K9ac,0.03643380471153719
K4me1,0.056982237037944895
K23me3,0.0316415500450446
K14me3,0.0047371741085357995
K18me2,0.00014635163705086027
