PTM Combination,Percentage Abundance
K4un,0.9869855618671751
R8un,0.9291851803060204
K9me2,0.21042281500870802
K14un,0.3936193037296469
R17un,0.9627129456339776
K18un,0.7799276589834151
K23un,0.988657934768028
R26un,0.939651979378322
K27me3,0.12473348234933579
K36un,0.14667074288916299
K9me1,0.43481397103781805
K14me1,0.23644226441319316
R17me1,0.037287054366020596
K27me2,0.7551307183459118
K18me1,0.15880191992943452
K27ac,0.0120663822857106
K36me1,0.0242944531394308
K36me2,0.7547547178456915
K27me1,0.053348874528239
K36me3,0.0742800861257127
R8me1,0.0708148196939776
K9me3,0.26465566659363793
K27un,0.0547205424908009
R26me1,0.0493634601496744
K14ac,0.369938431857158
K9ac,0.016176255097068
K18ac,0.061270421087148405
K9un,0.0739312922627661
R26me2,0.0109845604720016
K4me1,0.0130144381328228
K23ac,0.0113420652319699
