PTM Combination,Percentage Abundance
K4un,0.9764770526267895
R8un,0.9634773298911229
K9un,0.026971085606193004
K14un,0.5050860702281741
R17un,0.9788000177301674
K18un,0.9362574688830323
K23me2,0.0017760893462038
R26un,0.9508505607808666
K27me2,0.6574873561514947
K36un,0.24443508530298083
K9me2,0.30405300572328575
K23un,0.9700932138276641
K27me1,0.0640667742561389
K36me1,0.1293983174046222
K27me3,0.17067768938791977
R26me1,0.0419151778942426
K27un,0.0134069189391311
K36me3,0.029240256904243398
K9me1,0.22556114047224285
R17me1,0.0160665282458392
K14me1,0.1298509003856864
K9me3,0.43733051006163376
R8me1,0.036522670108874
K14me3,0.009141762848696399
K23me1,0.009375064850722401
K27ac,0.09436126126531219
K36me2,0.5969263403881502
K4me1,0.0235229473732073
R26me2,0.0072342613248876
R17me2,0.0051334540239902
K14ac,0.3531097721251386
K18me1,0.027012869371909998
K14me2,0.002811494412301
K18me2,0.0008688006793995
K18ac,0.0358608610656549
K9ac,0.0060842581366412
K23ac,0.018755631975406497
