PTM Combination,Percentage Abundance
K4un,0.9905493231724894
R8un,0.9815217237780135
K9un,0.6434338527964304
K14un,0.5243010940604935
R17un,0.97554641157669
K18un,0.6813102499778346
K23un,0.7117535698965696
R26un,0.9664366635161845
K27me2,0.6294171973117679
K36un,0.06856761879776962
K27ac,0.0048008577453817
K27un,0.0864888342140354
K36me2,0.7970722577384433
K27me3,0.1033755587181383
K27me1,0.17591755201066697
K36me1,0.08513460086469239
K36me3,0.0492255225990852
R26me1,0.02561450880782701
K9me2,0.06393812049438728
K18me1,0.0473729285444693
K14me2,0.0018565283777019
K14me1,0.0356885791282657
R26me2,0.007948827675979599
K9me3,0.050574385597418496
R17me1,0.0218204640117034
K9me1,0.22972366927718013
R8me1,0.018478276221977497
K23me1,0.03314086887086
K23ac,0.1752342781203644
K23me3,0.03340153744690609
K23me2,0.0464697456652904
K14ac,0.43416819144636026
K18ac,0.26858858480549125
K18me2,0.0027282366721952346
K9ac,0.012329971834573699
R17me2,0.0026331244115973002
K14me3,0.0039856069871689
K4me1,0.009450676827501399
