PTM Combination,Percentage Abundance
K4un,0.9890163277715152
R8un,0.9884558341202908
K9un,0.6634950367545984
K14un,0.5643802688916526
R17un,0.9637730527597064
K18un,0.7166549756506633
K23un,0.6581471949670304
R26un,0.9758638797358739
K27me2,0.7095295221575114
K36un,0.12395946716558676
K14me2,0.0025103335054634003
K27un,0.05612905824958409
K27me1,0.06253066919551639
K36me2,0.7192238681943156
K27me3,0.1674091727669933
K36me1,0.11078155548802643
R26me1,0.008870960462889179
R26me2,0.015265159801230698
K9me2,0.1346894569441727
K36me3,0.046035109152065
R17me1,0.020484472572025
K23me1,0.0189057634641941
K14me1,0.0987040840819724
K27ac,0.0044015776303886
K23ac,0.19083972266498078
K14ac,0.3289128720030758
K9me1,0.12086104828163281
K9me3,0.05919416159051
K18ac,0.25886103551311984
K23me3,0.0933701115402908
R17me2,0.0157424746682624
K18me1,0.0244839888362107
K23me2,0.03873720736349769
K9ac,0.0217602964290799
R8me1,0.011544165879703
K4me1,0.0109836722284787
K14me3,0.0054924415178297
