PTM Combination,Percentage Abundance
K4un,0.9799404639855979
R8un,0.9555464473014781
K9me1,0.23691416012236646
K14me1,0.151557165737976
R17un,0.9314652204065967
K18un,0.8831031758180881
K23un,0.9440455053806311
R26un,0.9703436815270856
K27me2,0.6382540189594252
K36un,0.17578649287557735
K9me2,0.3423998086873335
K14un,0.5461861910304805
K27me1,0.05470258033051749
K36me1,0.2043950658454946
K9un,0.0643866041206643
R17me2,0.0453568792267768
R8me1,0.04445355269851901
K27me3,0.23087862687193889
K9me3,0.32137486014426325
K27un,0.0173045552883147
K36me2,0.5842626076880014
R26me1,0.024797847062334902
K18me1,0.053102550238511494
R17me1,0.0231779003666234
K23me1,0.0048368557601094
K36me3,0.0355558335909235
K14me2,0.0025611478080301998
R26me2,0.0048584714105764995
K4me1,0.0200595360143991
K27ac,0.0588602185498005
K14ac,0.2971431968173634
K18ac,0.0637942739433974
K23me2,0.008191222427096101
K9ac,0.0349245669253692
K23ac,0.0143960468090213
K23me3,0.028530369623139096
K14me3,0.0025522986061468
