PTM Combination,Percentage Abundance
K4un,0.9881827129616793
R8un,0.9860270734411255
K9un,0.49491993670317397
K14un,0.50934430758184
R17un,0.9492126866087134
K18un,0.8026149964000044
K23un,0.8310042432090955
R26un,0.8716642924080782
K27me2,0.6262098290010956
K36me1,0.04964540331907359
K27me3,0.15255780495889562
K36un,0.14394254624849914
K36me2,0.7605994264439866
R26me2,0.0458031013030877
K27un,0.1329416213602224
K9me1,0.29463365107664496
K14me1,0.2266049676519548
R26me1,0.0825326062888274
K27me1,0.0756091267406162
R17me2,0.017924221698388396
K9me2,0.18320119727565431
R17me1,0.03286309169289121
K18me1,0.0260325141634458
K36me3,0.0458126239884339
K14me2,0.0161387080438782
K23me1,0.0127490686016787
K23me2,0.0204281600343511
K14me3,0.0033302394081264
K23ac,0.09991436994233449
K27ac,0.0126816179391635
K23me3,0.035904158212533406
K14ac,0.2445817773141937
K18ac,0.16891940272214767
K9ac,0.0090896468136508
K9me3,0.018155568130869302
K18me2,0.002433086714395
K4me1,0.011817287038313999
R8me1,0.0139729265588675
