PTM Combination,Percentage Abundance
K4un,0.9991736848065612
R8un,0.9960135847931262
K9un,0.8480249640857176
K14un,0.6978477480689973
R17un,0.9868339851671458
K18un,0.787173222615163
K23un,0.7329989623693767
R26un,0.9420686952238372
K27me1,0.08222803625551596
K36me2,0.8939632990242328
K27me3,0.072009770995315
K36un,0.04299601919112011
K27me2,0.7902805368975823
K36me1,0.03472780718671929
R26me2,0.0288074101966217
K27un,0.05324360985744119
K36me3,0.028312874597921568
R26me1,0.0291238945795347
K23ac,0.18248452718259406
K23me3,0.0483886451222484
K9me3,0.019991273104142997
R8me1,0.0039864152068674
K9me1,0.0773088143804419
K18me1,0.023395262745144602
K18ac,0.18736183097715453
K14ac,0.2473466041912829
K23me1,0.0196686361360243
K9ac,0.015333737353094701
K23me2,0.016459229189749902
K27ac,0.0022380459941392
R17me2,0.013166014832847801
K14me1,0.04429513468224609
K9me2,0.0393412110765963
K18me2,0.0020696836625315
K14me2,0.0013049805723495999
K14me3,0.009205532485117799
K4me1,0.0008263151934324001
