PTM Combination,Percentage Abundance
K4un,0.9780915811059412
R8un,0.9717482804431362
K9un,0.15259333965708816
K14un,0.5033880806066819
R17un,0.8795337499809543
K18un,0.7706124752321495
K23un,0.9359267388602253
R26un,0.9687434278081536
K27me2,0.6327722133992895
K36me2,0.5710727018091909
R26me2,0.0136900159012265
K27un,0.04935615590362301
R17me2,0.066428822948907
K36un,0.20684560461593982
K9me1,0.36207303943351454
K14me1,0.31578641008190117
K9me2,0.27008984628711596
R26me1,0.0175665562906151
K27me1,0.07788005845094662
K36me1,0.1716854790192317
K36me3,0.05039621455563291
K9me3,0.1470658781066067
K27me3,0.2300318273948114
K18me1,0.08730973042967419
R17me1,0.054037427070133696
K14me3,0.0242577262692096
K23me1,0.0255372760236348
K23me2,0.0078245846911945
K27ac,0.009959744851324599
R8me1,0.028251719556858897
K23ac,0.022707758579308502
K14ac,0.1513292916899553
K18ac,0.14207779433817144
K9ac,0.06817789651567
K4me1,0.021908418894054
K23me3,0.008003641845632
K14me2,0.0052384913522472995
