PTM Combination,Percentage Abundance
K4un,0.9879818060378323
R8un,0.9865885758037269
K9un,0.5556663048488505
K14un,0.5094222214399412
R17un,0.9636803594828036
K18un,0.7378427272493512
K23un,0.8072914333411505
R26un,0.8645923632908699
K27me3,0.0837799016845806
K36un,0.07550092914818118
K27me2,0.6944004824409682
K36me1,0.057262392839631165
R26me1,0.0870231477501065
K27un,0.12207197122967492
K36me2,0.8159044315565619
K27me1,0.0988315138273206
R26me2,0.04838448895901553
K36me3,0.05133224645561771
R17me2,0.0127925359522221
K9me2,0.14400621537606534
K23me1,0.0338570284229181
K9me1,0.26762773739040663
R17me1,0.0235271045649663
K14me1,0.1689943648832875
R8me1,0.013411424196265
K18me1,0.0192612738867488
K27ac,0.0009161308174476198
K23ac,0.1300329998607077
K14ac,0.3177290296195551
K18ac,0.24104999072875824
K9ac,0.014015117866602301
K9me3,0.018684624518067794
K23me3,0.0215394809633557
K23me2,0.0072790574118601
K18me2,0.0018460081351338998
K14me3,0.0020799739770999
K4me1,0.01201819396215945
K14me2,0.0017744100801086
