PTM Combination,Percentage Abundance
K4un,0.9842628190427405
R8un,0.971038121148558
K9me2,0.29545945845284094
K14un,0.6373560563762999
R17un,0.8856814136769292
K18un,0.8523306005492198
K23un,0.9479456735439724
R26me1,0.03206652759619889
K27me1,0.0869590227224675
K36un,0.29056410443872366
K9un,0.16026759742030833
K14me2,0.0046619390984467
R26me2,0.0104168355042833
K27me2,0.5964277351435232
R17me2,0.0781760364503024
R26un,0.9575166368995132
K36me2,0.44511392616344286
K27un,0.0559906805084196
K27me3,0.24833796537538422
K36me1,0.2605728880181555
K23me2,0.008508670982701801
K9me1,0.259111951496156
K14me1,0.21125236185864213
K36me3,0.0037490813796734997
R17me1,0.0361425498727636
K9me3,0.2475068118434514
K14me3,0.0324547845677991
K23me1,0.009670765785354099
K18me1,0.0319026915963524
R8me1,0.0289618788514371
K27ac,0.0122845962502009
K23ac,0.030224921018480844
K18ac,0.11576670785442299
K14ac,0.1142748580988075
K4me1,0.0157371809572548
K9ac,0.0376541807872387
K23me3,0.0036499686694859
