PTM Combination,Percentage Abundance
K4un,0.9589305400129834
R8un,0.990528925614325
K9me2,0.31169332955314266
K14un,0.46324451220060486
R17un,0.9750154333686559
K18un,0.9204586833812327
K23un,0.9723220481787597
R26un,0.9426337189371152
K27me3,0.1709703665995578
K36un,0.2230874699703117
R26me1,0.055398713958128204
K27me1,0.0596060767993738
K36me1,0.12449243956499328
R17me1,0.0169098664617987
K23me1,0.011619835734986199
K9me3,0.40150012676517516
K27me2,0.6530627865750831
K9me1,0.2431840397146457
K14me1,0.1661243054984097
K18me1,0.046046783845885196
K9un,0.0224963211446641
K14me3,0.010341647973939199
K27un,0.017443121415052103
K36me3,0.039973757443081195
K36me2,0.6124463330216106
K27ac,0.0989176486109299
R26me2,0.0019675671047533
K23ac,0.0160581160862508
K14ac,0.35875032024448117
K9ac,0.021126182822369
K18ac,0.0334945327728789
R17me2,0.0080747001695421
K4me1,0.0410694599870135
R8me1,0.009471074385671699
K14me2,0.0015392140825616
