PTM Combination,Percentage Abundance
K4un,0.9817102875822622
R8un,0.9778938040772311
K9un,0.13146869174298423
K14un,0.4909026522284366
R17un,0.9210736509028191
K18un,0.9100691801993335
K23un,0.9561926833650054
R26un,0.9442718364410232
K27me3,0.1900798694941356
K36un,0.3441384398763716
K27me2,0.6754327364957247
K36me1,0.0709905339283272
R17me2,0.0494891226915439
K27me1,0.0727521583862091
K14me2,0.0028876966635381
K9me2,0.2606546994163122
K27un,0.03877776226392531
K9me1,0.2651532698225836
K14me1,0.17252710762438664
R17me1,0.029437226405632604
R26me2,0.021263682580155898
K36me2,0.5658451298288721
K18me1,0.0402870098030021
K23me1,0.011891322491726902
R26me1,0.0344644809788167
K9me3,0.33313921105454375
K9ac,0.0095841279635718
K14ac,0.3299561664739554
R8me1,0.022106195922764603
K27ac,0.022957473360001
K18me2,0.0034241296989869
K14me3,0.0037263770096787005
K36me3,0.019025896366424603
K18ac,0.04621968029867301
K23ac,0.0151980381853877
K4me1,0.0182897124177335
K23me3,0.011994005359274801
K23me2,0.0047239505986009
