PTM Combination,Percentage Abundance
K4un,0.9923861631348887
R8un,0.9876924468270931
K9un,0.6380407686714571
K14un,0.5151878541833111
R17un,0.9849885625662976
K18un,0.6878446732531062
K23un,0.6980675187354304
R26un,0.9711965604092117
K27un,0.10866371899760742
K36me2,0.7889386493471428
K27me2,0.5927994438107101
K36un,0.062014945971398505
K36me3,0.06761442914762932
K27me3,0.08799305884146878
K27me1,0.20789693400532688
K36me1,0.08143197553382238
K9me2,0.08471370338883702
R26me2,0.010028758425300498
R26me1,0.018774681165480398
K27ac,0.0026468443448797
R17me1,0.014164694300409201
K9me1,0.23608332400733612
K14me1,0.04297367631399939
K9me3,0.0350557629089773
K23ac,0.17870151627598713
K23me1,0.0403303087657154
K18me1,0.0398168063602628
K23me3,0.0485992968199332
K18ac,0.26535670378739895
K14ac,0.43230045069100403
K4me1,0.007613836865103901
K18me2,0.0069818165992249
K23me2,0.0343013594029265
K9ac,0.006106441023385501
K14me3,0.0034293280963777
R8me1,0.0123075531728996
K14me2,0.0061086907153004
R17me2,0.0008467431332858
