PTM Combination,Percentage Abundance
K4un,0.9852184607214023
R8un,0.9901545402331512
K9un,0.5855255524225225
K14un,0.5694513827585166
R17un,0.9688367080274273
K18un,0.7681235218608617
K23un,0.7618215257983043
R26un,0.9127968107843913
K27me2,0.6948555468040661
K36un,0.07363265273306277
K27un,0.13050576554869975
K36me2,0.7971485953215045
K36me1,0.05897029420157542
K27me3,0.08920443864254408
K27me1,0.08397301465594703
K36me3,0.07024845774384701
R26me1,0.0465491545765792
R26me2,0.04065403463901884
K9me1,0.26029142166059854
K14me1,0.13318885659456173
K9me2,0.11074871761772773
R17me1,0.013367338501181715
K18me1,0.0304551195936299
R8me1,0.009845459766838304
K23me1,0.030836993779831397
K14me2,0.0018706787836548
K23me3,0.0223786223708387
K23me2,0.0133780137372195
K14ac,0.29099496382339735
K23ac,0.17158484431379556
K18ac,0.1986083333505452
R17me2,0.0177959534713804
K9ac,0.0139432875852195
K9me3,0.029491020713921505
K4me1,0.014781539278586801
K18me2,0.0028130251949527
K27ac,0.001461234348732986
K14me3,0.0044941180398591
