PTM Combination,Percentage Abundance
K4un,0.9861271947133113
R8un,0.9778773538753605
K9me2,0.1784587589015892
K14un,0.46839406425310953
R17un,0.9104167533437925
K18un,0.8476495306877573
K23un,0.9282993413694217
R26me1,0.025779320365314502
K27me1,0.112196915657267
K36un,0.2795186898137159
K9un,0.13446589935774314
K14me2,0.003300128334539
R17me1,0.0545613868324264
K18me1,0.08034776781932448
R26un,0.9655092196930785
K27me2,0.7244190467141997
K23me2,0.018447515171394202
K36me2,0.5908360502145802
R17me2,0.03502185982377609
K27un,0.0603169392254978
K27me3,0.08283978014277231
R26me2,0.008711459941602
K9me3,0.2528012977422466
K14me3,0.05923841379481921
K23me1,0.0076951794643553995
K36me1,0.0693021066401905
K9me1,0.4044450545757388
K14me1,0.308383656649156
R8me1,0.022122646124634385
K36me3,0.0603431533315085
K23ac,0.04253923859154808
K18ac,0.07200270149291307
K14ac,0.1606837369683716
K9ac,0.0298289894226775
K4me1,0.013872805286683502
K27ac,0.0202273182602582
K23me3,0.0030187254032756
