PTM Combination,Percentage Abundance
K4un,0.9888499071178974
R8un,0.9530791480087175
K9un,0.10420581234437619
K14me2,0.0071601767648074
R17un,0.9407668772618193
K18un,0.8431140312586307
K23un,0.9712609123489228
R26un,0.9360382475663669
K27me3,0.09328370213442322
K36un,0.13736763953409573
K9me2,0.21777244112117117
K14un,0.4830849360485927
K27un,0.0377053580607519
K36me3,0.1271946622514947
K27me2,0.7204810697607952
K36me2,0.6702803894394436
R26me2,0.036756319865392
K23me2,0.0121931611340287
K9me1,0.4806973696005644
K14me1,0.30031957057950104
R26me1,0.0272054325682385
R8me1,0.046920851991279995
K27me1,0.09925837631589052
R17me1,0.043104299220895606
K9me3,0.17338275980117088
K18ac,0.0407007564374393
K9ac,0.0239416171327149
R17me2,0.0161288235172827
K14ac,0.194670660092459
K18me1,0.1161852123039277
K4me1,0.0111500928821001
K14me3,0.0147646565146376
K23ac,0.0165459265170461
K36me1,0.0651573087749636
K27ac,0.0492714937281367
