PTM Combination,Percentage Abundance
K4un,0.9999999999999994
R8un,0.9391856846473025
K9un,0.4235012534578143
K14un,0.5022475795297366
R17un,0.9391856846473025
K18un,0.9277478820885195
K23un,0.7722650847164587
R26un,0.9999999999999994
K27me3,0.4379916580221297
K36un,0.13817211272475782
K14ac,0.1943129754495158
K36me1,0.29981954529737187
K23ac,0.22773491528354062
K27me2,0.5620083419778696
K36me2,0.5620083419778696
K9me1,0.36425376037344387
K14me1,0.3034394450207469
K9me3,0.1067384163208851
R8me1,0.060814315352697
R17me1,0.060814315352697
K9me2,0.1055065698478561
K18ac,0.0722521179114799
