PTM Combination,Percentage Abundance
K4un,0.944897819421975
R8un,0.9719547661290542
K9un,0.46386210688307833
K14un,0.5875729708384358
R17un,0.963616537722908
K18un,0.8337939309165507
K23un,0.856056663906344
R26un,0.8930172894791469
K27me2,0.6721509918531653
K36un,0.11857047879797003
K27me3,0.1315725364480307
K36me1,0.05092967333765583
R26me1,0.06322807118014517
K27un,0.10570116288928924
K36me3,0.05722697706083247
K27me1,0.08287384890444606
K36me2,0.773272870803532
R26me2,0.04375463934069841
K9me1,0.3168353723922684
K14me1,0.16443111770515614
R17me2,0.016752562893721304
K23me1,0.025653045640779488
K9me2,0.13686432760302458
K27ac,0.007701459905059634
R8me1,0.02804523387093645
R17me1,0.0196308993833612
K18me1,0.02702493480342556
K14me2,0.0046108264298968995
K14me3,0.00047309654613589996
K23me2,0.006188655097677899
K18me2,0.0007754595379181
K23ac,0.10536062440131201
K9me3,0.06422980803766473
K18ac,0.13840567474209617
K14ac,0.24291198848036546
K9ac,0.018208385083954604
K4me1,0.0551021805780154
K23me3,0.006741010953877275
