PTM Combination,Percentage Abundance
K4un,0.9890937357204358
R8un,0.9957196590519555
K9un,0.7669396760211019
K14un,0.5670396582759503
R17un,0.9857522546699885
K18un,0.6573939792970276
K23un,0.6470861836733834
R26un,0.9536012847533365
K27un,0.0583088136407264
K36me2,0.8522326283024269
K27me3,0.08828299384268368
K36un,0.054974785773057186
K27me1,0.05869896583800694
K27me2,0.7928154167770454
K36me1,0.06680403905511528
R26me2,0.026884879782901397
R26me1,0.019513835463755902
K9me3,0.05532407699181629
K23me1,0.0177317136982591
K9me2,0.07501696421124034
K36me3,0.025988546869394048
K9me1,0.08874235103416608
K14me1,0.0609400282935965
K18me1,0.0269183314208974
K14me2,0.0027765078747807
K14me3,0.0064616464146517
K23ac,0.25569011595069707
K27ac,0.0018938099015311
R8me1,0.00428034094803818
K18ac,0.31568768928206875
K14ac,0.3627821591410145
K9ac,0.013976931741669201
K23me3,0.06251462276098929
R17me2,0.0138951001789967
K23me2,0.016977363916664698
K4me1,0.010906264279558
R17me1,0.0003526451510085
