PTM Combination,Percentage Abundance
K4un,0.9838133874117528
R8un,0.9866127895002695
K9un,0.6342174688078397
K14un,0.5817831125155801
R17un,0.9816956209387026
K18un,0.7748526137318511
K23un,0.770216361666355
R26un,0.961971247123234
K27me2,0.6762986257459758
K36un,0.0676215897320842
K27un,0.11430379590180585
K36me2,0.7688935542746002
K36me3,0.08121239054306338
K27me3,0.09831953781821469
K36me1,0.08227246545024468
R26me1,0.023593966770960803
K27me1,0.09142469028965028
K27ac,0.0196533502443459
R26me2,0.014434786105797803
K9me3,0.015028979576653601
K9me1,0.26362867386987615
K23me2,0.0235005397914984
R17me2,0.0028928290679791
K18me1,0.0292726746723036
K23me1,0.0219270048936349
R17me1,0.0154115499933112
K14me1,0.0765017429198471
K9me2,0.07793155350935678
R8me1,0.013387210499723199
K18ac,0.19587471159583789
K23ac,0.13501900414572332
K14ac,0.33871555946015214
K23me3,0.049337089502780894
K9ac,0.009193324236266301
K4me1,0.0161866125882399
K14me2,0.0012206238397651
K14me3,0.0017789612646482
