PTM Combination,Percentage Abundance
K4un,1.0
R8un,1.0
K9me3,0.7470042744926315
K14un,0.46478797178200904
R17un,1.0
K18un,0.9112722867068093
K23un,0.9372467853256117
R26un,1.0
K27me2,0.7470042744926315
K36me2,0.7470042744926315
K9me2,0.1015147975397894
K27ac,0.1428720692841134
K36me1,0.1428720692841134
K14ac,0.5352120282179909
K9un,0.151480927967579
K23ac,0.0627532146743883
K27me3,0.0213959429300643
K36un,0.0213959429300643
K18ac,0.0887277132931907
K27me1,0.0887277132931907
K36me3,0.0887277132931907
