PTM Combination,Percentage Abundance
K4un,0.9848872543910123
R8un,0.9772016494096344
K9un,0.5774314120373759
K14un,0.5630104871601462
R17un,0.9850433105427469
K18un,0.7675854535823942
K23un,0.7281126140642615
R26me2,0.015148987520059401
K27un,0.0818568061667021
K36un,0.07277070810858112
R26un,0.9609032797353724
K27me2,0.729919121594118
K36me2,0.7846763013734877
K27me3,0.0996835223262421
K36me3,0.055317091043298
K36me1,0.08723589947462536
K27me1,0.08243342314246027
K9me2,0.07550309141750582
K18me1,0.0243184828260606
K23me1,0.0091802482401659
R26me1,0.0239477327445599
K9me3,0.03469869724044367
K9me1,0.3054497591984695
K14me1,0.08946541897224869
R8me1,0.0227983505903575
R17me1,0.011407608396871001
K23ac,0.19964835716759144
K14ac,0.3426962598697895
K4me1,0.0151127456089796
R17me2,0.003549081060374048
K18ac,0.207488865679538
K9ac,0.006917040106197
K27ac,0.0061071267704696
K23me3,0.051160622399087995
K23me2,0.0118981581288851
K14me2,0.0039783959691991
K14me3,0.0008494380286081
K18me2,0.000607197911999
