PTM Combination,Percentage Abundance
K4un,0.9766968639137346
R8un,0.9509640504828828
K9un,0.12245458503357363
K14un,0.7050301656926407
R17me2,0.061636348313290096
K18un,0.9287520774297386
K23un,0.9113850857851743
R26un,0.8819971450534677
K27me2,0.3616676628460982
K36un,0.5433113151576263
K9me2,0.5957420577197406
R17un,0.9188974863687899
K27me1,0.16492212932771141
K36me1,0.25346650610574023
K9me1,0.16578988291971242
K14me1,0.10791912966698629
R17me1,0.019466165317915597
R26me1,0.10164902624192959
K23me2,0.0188415512036975
R8me1,0.049035949517112806
K14me2,0.0074543349834731
K27me3,0.32606713225736567
K9me3,0.10311871974020599
K18me2,0.0024574834066302
K27un,0.0148655501251496
K23me1,0.0029889267673788
K27ac,0.1324775254436709
K36me2,0.18130237379124792
K23ac,0.03189610886465769
K18ac,0.043308861681565
K18me1,0.025481577482061903
K36me3,0.0219198049453816
K14ac,0.17425541806230183
K14me3,0.0053409515945938
K23me3,0.0348883273790874
K9ac,0.012894754586763
R26me2,0.0163538287045983
K4me1,0.0233031360862612
