PTM Combination,Percentage Abundance
K4un,0.9894087150795031
R8un,0.9885427495315128
K9un,0.7203827175318308
K14un,0.7167012151129744
R17un,0.978426405016205
K18un,0.8373282059775977
K23un,0.7575049914596187
R26un,0.8635873694742965
K27me2,0.5151287230154951
K36un,0.3441666205465694
R26me1,0.05931066808736399
K27me1,0.084725344347276
K27me3,0.2755648945694621
K36me1,0.08643054243824436
K27ac,0.011761203536668301
K27un,0.11281983453108843
K36me3,0.0675957418199095
K9me2,0.11464417231479479
K18me1,0.0262682343369658
K14me1,0.052381245418375494
K36me2,0.5018070951952666
R26me2,0.0771019624383292
K23me1,0.035126389372011395
K9me3,0.0573003980580404
K23me2,0.024794482531539097
K9me1,0.09878508681932768
K14me2,0.0057706927544562
K23ac,0.1530296306789371
K14ac,0.21828829248224746
R17me2,0.0092706784688818
K23me3,0.0295445059578833
R8me1,0.011457250468476598
R17me1,0.0123029165149029
K18me2,0.0172968336573725
K14me3,0.0068585542319363
K18ac,0.11910672602805372
K9ac,0.008887625275996201
K4me1,0.0105912849204866
