PTM Combination,Percentage Abundance
K4un,0.9993902967527426
R8un,0.9780447196841895
K9un,0.10375980066242527
K14un,0.8064627426068495
R17un,0.9555082486977213
K18un,0.9497949060548766
K23un,0.9600689005481474
R26un,0.9153196415443559
K27me3,0.7045388909774289
K36un,0.5461496830882994
R26me2,0.0032829343414433
K27me1,0.09931342274641233
R26me1,0.0813974241141963
K27me2,0.1398343411845829
K9me2,0.7563155496914474
K27un,0.02430617020916149
K36me1,0.3322276479150005
R17me2,0.028308851434958503
K36me2,0.09167330081023489
K23me2,0.0102008122133564
K14me1,0.0540068640021464
R17me1,0.0161828998673155
K18me1,0.0027059180610790002
K9me1,0.0794995487465442
R8me1,0.021955280315805698
K14me2,0.0468282917289802
K9me3,0.049930944589422196
K27ac,0.03200717488240989
K23me1,0.0093418755024992
K14ac,0.09044785635833431
K36me3,0.029949368186460698
K23ac,0.0137859239596413
K23me3,0.0066024877763508
K18ac,0.0371676530744723
K4me1,0.0006097032472526
K14me3,0.0022542453036851
K18me2,0.0103315228095673
K9ac,0.0104941563101565
