PTM Combination,Percentage Abundance
K4un,0.9999252652350025
R8un,0.9789853412692044
K9me1,0.13869162619017877
K14me1,0.1127463659326203
R17un,0.9438361682785402
K18un,0.9166892642198391
K23un,0.9268181948060437
R26un,0.9413637353681578
K27me2,0.23686815605471298
K36un,0.6468567122751917
K9un,0.16420479907191537
R17me1,0.015767157355895598
K14un,0.7115243288116785
R26me1,0.03935135649485961
K27me3,0.558627805920402
R26me2,0.019284908136977502
K23me2,0.0273164658230714
K36me1,0.06725939553049338
R17me2,0.0403966743655593
K9me3,0.0625425199301771
K27un,0.0698191730206241
K36me2,0.16557621331048689
K9me2,0.6238975932797247
K14me2,0.030840119070634903
K27me1,0.12381317757539013
K14me3,0.006629557939393399
K36me3,0.12030767888382281
R8me1,0.0210146587307903
K18me2,0.014062194140260699
K18me1,0.013354226077314077
K23me3,0.0100408556507552
K27ac,0.0108716874288656
K23ac,0.031996510628754006
K14ac,0.138259628245668
K18ac,0.05589431556258098
K9ac,0.010663461527999
K23me1,0.0038279730913705996
K4me1,7.473476499247725e-05
