PTM Combination,Percentage Abundance
K4un,0.9969552589842537
R8un,0.9989943993234542
K9un,0.7679862420522161
K14un,0.6732934628958562
R17un,0.9358166443949112
K18un,0.8046862553270375
K23un,0.6973497919483559
R26un,0.8461026838362415
K27me2,0.48261196155716946
K36un,0.4700851038757284
K27me3,0.33564229700855985
R26me2,0.123405284758101
K27me1,0.08048719912728808
K36me1,0.0620747988012696
R26me1,0.0304920314056511
K23me3,0.0577639805723135
K27un,0.0942394171329153
K36me2,0.44196453969683436
K18me2,0.0269428167548322
K36me3,0.025875557626161304
R17me2,0.05743900604952539
K23ac,0.1547722982772226
K27ac,0.0070191251740608
K18ac,0.14030852347985132
K23me1,0.037074983878038606
K14ac,0.27035400774361046
K23me2,0.05303894532406271
K9me2,0.11677943504023361
R17me1,0.006744349555557
K9me1,0.04490864965657289
K14me1,0.04193601252153299
K18me1,0.0280624044382725
K9me3,0.050937842296947394
K9ac,0.0193878309540233
K14me2,0.0080989086758206
K14me3,0.006317608163173201
R8me1,0.0010056006765392
K4me1,0.0030447410157397
