PTM Combination,Percentage Abundance
K4un,0.9948637409468387
R8un,0.9999999999999956
K9un,0.5703687424443743
K14un,0.6358562513035434
R17un,0.9667957829199454
K18un,0.8058415988712956
K23un,0.6500556344318624
R26un,0.9469838625551072
K27me2,0.47415643077689346
K36un,0.44771714314803446
K9me2,0.2169790618818956
K27un,0.1093327789110401
K27me3,0.34868917238963726
K27me1,0.0606622886196363
K36me2,0.42086879335062105
R26me2,0.0420085265491724
K36me1,0.056922903560504
R26me1,0.011007610895716
K14me2,0.0091395658174933
R17me1,0.012125571377312
R17me2,0.021078645702738298
K23ac,0.274965065794263
K36me3,0.0744911599408363
K18ac,0.1675317982821021
K23me3,0.055338384858472006
K14ac,0.27144330905758735
K18me1,0.003567720629155
K23me1,0.0047568510087837995
K27ac,0.0071593293027887
K9me1,0.09111443823062351
K14me1,0.079336973322161
K23me2,0.014884063906614299
K18me2,0.0230588822174429
K9me3,0.1181972203541951
K14me3,0.0042239004992106
K9ac,0.0033405370889073
K4me1,0.0051362590531569
