PTM Combination,Percentage Abundance
K4un,0.9996000976703348
R8un,0.9766922719208306
K9un,0.2221371594306185
K14un,0.6671667550149547
R17un,0.8818929573334652
K18un,0.9316905068479968
K23un,0.923026140159141
R26un,0.8336668866855392
K27me2,0.3709314486687645
K36un,0.6844336807942193
K23me2,0.017003419200756598
K27un,0.013195674156206795
K27me3,0.3756215481820878
R26me1,0.14768360503993996
K36me1,0.1928872234739889
R26me2,0.018649508274515
K27me1,0.23099237430972636
R17me1,0.0365288640988527
K14me2,0.0203515164083513
K9me2,0.5113806755571602
R17me2,0.08157817856767594
K14me1,0.19239130709264557
K18me1,0.0182741635758544
K27ac,0.009258954683208701
K9me1,0.19776186360462267
R8me1,0.0233077280791631
K23me1,0.0156416450798619
K9me3,0.051991537310236195
K36me2,0.1109284291939025
K18ac,0.0473021214848898
K23ac,0.03728067827316535
K36me3,0.0117506665378832
K14ac,0.11589008516028322
K9ac,0.0167287640973562
K23me3,0.0070481172870692
K18me2,0.002733208091253044
K14me3,0.0042003363237587
K4me1,0.000399902329659
