PTM Combination,Percentage Abundance
K4un,0.9860667656817085
R8un,0.9976984264639921
K9un,0.7019552475951076
K14un,0.6906321626593385
R17un,0.9679143631578452
K18un,0.8676748581618298
K23un,0.6954919326380219
R26un,0.8185694835751406
K27me2,0.5073888319641411
K36un,0.4897145973023634
K27me3,0.2971730183508196
R26me1,0.04990967346573169
K36me1,0.0611081879485044
R26me2,0.1315208429591211
K27me1,0.10228805087242118
K23me1,0.0309049382662061
K36me2,0.38281170670751435
K23me2,0.08948987816484928
K27un,0.0856600978911275
K9me2,0.19042177592573822
K14me2,0.009379027952074199
K14me1,0.0431849743288017
R17me1,0.0160976054520787
K18me2,0.0309577657256022
K9me1,0.0594718322917635
R17me2,0.0159880313900697
K23ac,0.10712275129036078
K27ac,0.0074900009214843005
K36me3,0.06636550804161151
K23me3,0.0769904996405556
K18me1,0.025000473698095202
K14ac,0.2541417003478142
K9me3,0.026875573194938905
K18ac,0.07636690241446677
K9ac,0.021275570992445102
K4me1,0.013933234318285201
R8me1,0.0023015735360016
K14me3,0.0026621347119648
