PTM Combination,Percentage Abundance
K4un,0.9999999999999944
R8un,0.9829561191428784
K9un,0.24786822585298768
K14un,0.6189481293986576
R17un,0.927805224731291
K18un,0.915395874722996
K23un,0.8935142797028955
R26me2,0.008872837217991598
K27me1,0.1915358959116941
K36un,0.6528191055210224
R26un,0.9013892043656749
K27me3,0.4212887467233418
K27ac,0.0021369529958601002
K27me2,0.3564986702553967
K36me1,0.22192837596450385
K9me1,0.17456197772897525
K14me1,0.16895604685454796
R8me1,0.0170438808571161
K36me2,0.11622132083402993
K27un,0.0285397341137016
K9me2,0.5132871223459179
R26me1,0.08973795841632788
R17me2,0.0591796757874985
K23me2,0.0431636687995352
K14me2,0.026195672542555302
K36me3,0.009031197680438198
K9me3,0.048573801749944606
R17me1,0.013015099481205002
K18me1,0.020523023573733822
K23ac,0.039897919613873005
K18ac,0.06205925188470839
K14ac,0.18220505105777648
K23me3,0.010841650632655402
K9ac,0.0157088723221688
K18me2,0.0020218498185563
K23me1,0.0125824812510353
K14me3,0.0036951001464575
