PTM Combination,Percentage Abundance
K4un,0.9940898327703442
R8un,0.9962707419984929
K9un,0.8440448416414473
K14un,0.7076684381530653
R17un,0.993350597110491
K18un,0.83786046828501
K23un,0.677242438841233
R26un,0.9449385349059971
K27me2,0.5003343237013413
K36un,0.4487241377556884
K18me2,0.013284972448982
K27un,0.048825531143827906
K27me3,0.3901674877267457
K27me1,0.05199095792311031
K36me2,0.4120680549534207
K27ac,0.00868169950496883
K36me1,0.10912775058407452
R26me1,0.0356044763343705
K36me3,0.030080056706810597
K14me2,0.0022876391103998
K9me2,0.0464493696567045
R26me2,0.0194569887596265
K23ac,0.19383841609792613
K23me3,0.10346789554753119
K9me3,0.03872851247796422
K14me1,0.030537103369585497
K14ac,0.2502925093174015
K18ac,0.12627725241195928
K23me1,0.0063830156014264
K9me1,0.0685076805874247
R17me1,0.0066494028895035
K14me3,0.0092143100495422
R8me1,0.0037292580015013998
K18me1,0.0225773068540429
K23me2,0.019068233911877498
K9ac,0.0022695956364536
K4me1,0.005910167229650199
