PTM Combination,Percentage Abundance
K4un,0.993417841253443
R8un,0.9994234449753785
K9un,0.7132674569289863
K14un,0.7005224440999485
R17un,0.9480342671558666
K18un,0.8311329135116083
K23un,0.7497110057940586
R26un,0.8792893252628317
K27me2,0.4644768524291343
K36un,0.48928780809464417
K27ac,0.013374258724889
K27un,0.07771579050740632
K36me2,0.37013379192243595
K27me3,0.3959716306660144
K36me1,0.1257818433035701
R26me1,0.045667429221281
K27me1,0.04846146767254931
K36me3,0.014796556679342997
K9me2,0.17942303918233968
K18me1,0.0222073910469561
R26me2,0.07504324551588071
R17me1,0.0016727962676461
K9me3,0.042133007359587665
K9me1,0.04077508960503713
K23me3,0.036495550821500425
K23me2,0.05997210072814459
K14me2,0.0026855454806332
K23ac,0.14457208356749798
K14me1,0.04038098588909104
R8me1,0.0005765550246145
K14ac,0.25344791305148184
K18ac,0.12141545680818441
K9ac,0.02440140692404232
K14me3,0.0029631114788384
K4me1,0.00658215874655
R17me2,0.0502929365764804
K23me1,0.009249259088791501
K18me2,0.0252442386332443
