PTM Combination,Percentage Abundance
K4un,0.9999999999999972
R8un,0.9999999999999972
K9un,0.719929174921213
K14un,0.8172967750377071
R17un,0.9928831501312835
K18un,0.8720296576659937
K23un,0.574848847279441
R26un,0.9560648913968112
K27me2,0.44581083357411005
K36un,0.4346851798772043
K27me3,0.39921374109362445
K36me1,0.07857466543419189
R26me2,0.0439351086031861
K27un,0.0825341626060615
K27me1,0.0618188438912885
K36me2,0.4459313183218531
K23ac,0.37029279712248575
K23me3,0.0445663105459837
K18ac,0.12116717488974982
K23me1,0.0034888776078328
R17me2,0.0071168498687138
K14ac,0.15055010496370239
K9me2,0.15615207016970248
K36me3,0.0408088363667477
K9me3,0.0979320366258282
K27ac,0.0106224188349124
K14me2,0.0061664017153344
K9me1,0.0198180143115926
K14me1,0.0198180143115926
K9ac,0.0061687039716607
K14me3,0.0061687039716607
K18me1,0.0068031674442537
K23me2,0.0068031674442537
