PTM Combination,Percentage Abundance
K4un,0.9944257362329494
R8un,0.9701902864908218
K9un,0.15840143512917795
K14un,0.6528180780570024
R17un,0.9361329220803436
K18un,0.9387417586919985
K23un,0.9296053450164316
R26un,0.9001976208539918
K27me3,0.4723871292731209
K36un,0.6435440888929959
R26me1,0.094850806690677
K27me2,0.3421922893574634
K23me1,0.0153915363554584
K36me1,0.2573266335519309
R26me2,0.0049515724553259
K27me1,0.174651042106927
K9me2,0.5735170447755688
K14me1,0.1638671210158834
K27un,0.008140102651532368
K18me1,0.0104980206823744
R17me2,0.0554516149666811
K9me1,0.19271237777369565
K36me2,0.09142245211531284
R8me1,0.029809713509172803
K14me2,0.0134567494518618
K9me3,0.0584228416436925
K36me3,0.0077068254397552
R17me1,0.008415462952969768
K14ac,0.16526913997588563
K23me2,0.020171745875797998
K23ac,0.023772546948573402
K27ac,0.0026294366109515
K9ac,0.0169463006778601
K18ac,0.04771767583986311
K23me3,0.0110588258037334
K4me1,0.005574263767045199
K18me2,0.003042544785759
K14me3,0.0045889114993615
