PTM Combination,Percentage Abundance
K4un,0.9979441004936412
R8un,0.9932679541065805
K9un,0.705601198117804
K14un,0.8774710642613595
R17un,0.9912838367798578
K18un,0.8785949355282409
K23un,0.867073610673887
R26un,0.9045909154630818
K27me2,0.397049072744812
K36un,0.569636848384324
K27un,0.220284468787531
K36me2,0.36002117596223715
R26me1,0.03987243556847648
K27me1,0.029924486637923374
K27me3,0.33585167319787923
K36me1,0.03685284824190353
K23me2,0.00485856169998369
R26me2,0.05553664896843421
K14me3,0.0008302089229764793
K9me2,0.2213170885481177
K36me3,0.03348912741152628
R17me2,0.004935342760784414
K14me1,0.0361419108696849
R17me1,0.0037808204593503163
K9me3,0.02738352025860116
K14me2,0.002781044225057686
K27ac,0.0168902986318453
K9me1,0.045059257132053616
K14ac,0.08277577172091387
K18me1,0.006499597918938971
K23me1,0.005368929927656621
K18me2,0.001980433940596416
K23ac,0.1178063523764818
K23me3,0.004892545321983032
K18ac,0.11292503261221642
R8me1,0.006732045893412333
K9ac,0.0006389359434157146
K4me1,0.0020558995063514355
