PTM Combination,Percentage Abundance
K4un,0.9711306446941306
R8un,0.9995623497058755
K9un,0.48706272334749656
K14un,0.6846903825162499
R17un,0.9958332517334354
K18un,0.8145573867144353
K23un,0.6661597165889644
R26un,0.9785960557875246
K27me3,0.2222783171387598
K36un,0.45396106499714833
K27me2,0.3967901865734312
K23me2,0.0141690055773096
K27un,0.14089638943660943
K36me1,0.1744749691037026
K27me1,0.23594483915887812
K36me2,0.3121104206328496
K36me3,0.0594535452662952
K9me2,0.335347012567757
K23ac,0.1907840908036732
K9me1,0.04328264519713301
K14me1,0.0338837804492149
R26me2,0.0009416799545651
K18ac,0.17919779917355472
K14ac,0.26572155092709343
R26me1,0.0204622642579062
K23me1,0.0105813245157346
K9me3,0.1288544096410873
K23me3,0.11830586251431391
K9ac,0.0054532092465219995
K18me1,0.006244814112005799
R8me1,0.0004376502941203
K27ac,0.0040902676923172
R17me1,0.0011579282628705
R17me2,0.00300882000369
K4me1,0.028869355305865402
K14me3,0.0157042861074376
