PTM Combination,Percentage Abundance
K4un,0.9965002440359972
R8un,0.9815269790054217
K9un,0.1945958557070511
K14un,0.7476793385388009
R17un,0.8798582632049725
K18un,0.9470089905322459
K23un,0.9322918315698018
R26un,0.8822696077872764
K27me3,0.540253633956623
K36un,0.6939605108898308
K27ac,0.007683823829109801
K27me2,0.28329318084997435
R17me2,0.10918736438910051
K23me2,0.017366358142886798
K9me1,0.13488108801369889
K14me1,0.12327194834408309
K9me2,0.6358127799562678
R26me1,0.09555844791751021
K27me1,0.15564032799771801
R8me1,0.0184730209945722
K36me1,0.23814712833104953
R26me2,0.022171944295207267
K18me1,0.0158874373634541
K14me2,0.024016029587152505
K23me1,0.010734217567700498
R17me1,0.010954372405920999
K27un,0.0131290333665689
K36me3,0.015531910888148702
K9me3,0.014791606044238001
K14me3,0.0014627635558429003
K36me2,0.0523604498909648
K23ac,0.038752689811795894
K18ac,0.028015815028229803
K14ac,0.10356991997411451
K9ac,0.0199186702787382
K18me2,0.009087757076064401
K4me1,0.0034997559639967997
K23me3,0.0008549029078091802
