PTM Combination,Percentage Abundance
K4un,0.9990820405311592
R8un,0.9624761204317915
K9me1,0.02332078105033317
K14me1,0.020182164904765133
R17un,0.991706502956003
K18un,0.9785756475970583
K23un,0.9964709340688981
R26un,0.8547411242102156
K27me2,0.0860101697216997
K36un,0.9031665540424443
K9un,0.042388687845629276
K14un,0.9218410162452336
R17me2,0.005016520816158006
R8me1,0.0375238795682052
K9me2,0.8745804786735838
K27me1,0.04101890696148532
K36me1,0.04554658762635728
R26me1,0.0918705540994783
R17me1,0.0032769762278355486
K27me3,0.670070763928803
K14me2,0.0013182555953511574
K9me3,0.059361398463245896
K27un,0.18877922084296736
K36me2,0.050219625995648456
K27ac,0.014120938545041548
K23me1,0.0004118224811657195
K18ac,0.019617709529551292
K18me1,0.0016826578646023521
K36me3,0.0010672323355471968
K18me2,0.00012398500878515672
K14ac,0.05624726669080369
K23me2,0.00042911931755091
K23ac,0.0009883593459830316
R26me2,0.053388321690302706
K4me1,0.0009179594688374049
K9ac,0.0003486539672047
K14me3,0.0004112965638431
K23me3,0.0016997647863992397
