PTM Combination,Percentage Abundance
K4un,0.9941584253821197
R8un,0.9906131858929248
K9un,0.802362174959317
K14un,0.764349818917272
R17un,0.985719725708339
K18un,0.8749865346066666
K23un,0.7129200173609339
R26un,0.9496400667025393
K27me2,0.48201777165220505
K36un,0.4091901990721419
K18me2,0.005289392029809
K27un,0.0980093365471699
K36me2,0.3883673959952712
K9me2,0.0822161260275
K27me3,0.36731755102267916
K36me3,0.050502443251411205
K36me1,0.15193996168117097
K27ac,0.0090692105563117
K27me1,0.0435861302216296
R26me1,0.0223625831245252
R26me2,0.027997350172930903
K9me3,0.04655605389589609
K23ac,0.19249221848109274
K23me1,0.0038631909080271
K18ac,0.1072992114178635
K14ac,0.1985834464194443
K23me3,0.0777856202702257
K14me1,0.037066734663278894
R17me1,0.0101924185864054
R8me1,0.0093868141070705
K9me1,0.06456866272207379
K18me1,0.012424861945656101
K23me2,0.012938952979715701
K9ac,0.0042969823952084
K4me1,0.0058415746178755
R17me2,0.0040878557052509
