PTM Combination,Percentage Abundance
K4un,0.9874170987374052
R8un,0.9792499547733681
K9un,0.4506106789455517
K14un,0.6372711105953169
R17un,0.9760800630783423
K18un,0.827842945840684
K23ac,0.17835880246715427
R26un,0.9945435865228022
K27un,0.11112711583819371
K36un,0.345314487198303
K18ac,0.15585334967180706
K23un,0.7204059132536185
K27me3,0.2206389071881319
K27me1,0.1722209517047874
K36me2,0.45994654724561135
K9me2,0.2438148746113066
K36me1,0.11104819963886922
K14me2,0.005436752693971
K36me3,0.0836907659172126
K27me2,0.49210080247397997
K9me1,0.2125004351996275
K14me1,0.09156695759619592
R26me1,0.0047777068563567004
K27ac,0.0039122227949032
R8me1,0.0207500452266278
R17me1,0.0216584007181644
K9me3,0.0930740112435102
R26me2,0.000678706620837
K18me1,0.0091611057825229
K23me3,0.0688793694896044
K4me1,0.0125829012625907
K14ac,0.2638595892398157
K23me1,0.013403192829275299
K14me3,0.0018655898746966
K23me2,0.0189527219603436
K18me2,0.007142598704982401
R17me2,0.0022615362034891
