PTM Combination,Percentage Abundance
K4un,0.9904861070842946
R8un,0.9999999999999946
K9un,0.6448396804227274
K14un,0.6513419959285631
R17un,0.994237663223052
K18un,0.8017015692751062
K23un,0.5617237948858163
R26un,0.9774913790449714
K27me1,0.0978524628930842
K36un,0.32355981550404395
K27me2,0.5136962880080237
K27un,0.1325993679755996
K36me2,0.4141360992931643
K27me3,0.2524783083146061
K9me2,0.15982609903306302
K36me1,0.18510158659934461
R26me1,0.0091971171135053
K36me3,0.07720249860344168
R26me2,0.013311503841517799
K23ac,0.3067936060683485
K18ac,0.1815713559269033
K14ac,0.2983312179152627
K23me3,0.11892181209599081
K9me3,0.101468240929056
K14me1,0.0422358191225675
K9me1,0.0834315875228269
K18me1,0.013065480600793
K23me1,0.009572356246424999
K27ac,0.0033735728086809
K9ac,0.0104343920923213
K4me1,0.0095138929156999
K18me2,0.0036615941971921
K23me2,0.002988430703414
K14me2,0.0019366873149605
R17me2,0.0057623367769427
K14me3,0.0061542797186409995
