PTM Combination,Percentage Abundance
K4un,0.9974792090704387
R8un,0.9788579556591991
K9un,0.19765344575964358
K14un,0.7633599587983076
R17un,0.871659519715004
K18un,0.9506813496162376
K23un,0.9269472497968908
R26un,0.848875685175374
K27me2,0.2950150319647782
K36un,0.6599541785204718
K18me2,0.00761785305279901
K27un,0.009021403212229972
R26me2,0.012414190328746102
K27me1,0.2076886363736001
K27me3,0.48291245293454355
K36me1,0.26597329525713137
R26me1,0.13871012449587272
K23me3,0.00397276333956523
K14me3,0.00029369891562169343
K14me1,0.1276244555036613
R17me1,0.011162088029897502
K18me1,0.015598060243994813
K23me2,0.0133344590508485
K9me1,0.1397142980276155
R17me2,0.1171783922550914
K9me2,0.6269001749852646
K14me2,0.023446079396449753
K23me1,0.017526929797253933
R8me1,0.021142044340793698
K14ac,0.08527580738595254
K9me3,0.014247819474834394
K36me3,0.008671571700915799
K23ac,0.03821859801543443
K36me2,0.06540095452147436
K27ac,0.0053624755148414804
K9ac,0.021484261752634598
K18ac,0.026102737086961567
K4me1,0.0025207909295542
