PTM Combination,Percentage Abundance
K4un,0.9808512841515891
R8un,0.9876185905606685
K9un,0.48713286321993715
K14un,0.7871252710094059
R17un,0.968973932481791
K18un,0.9136545906405403
K23un,0.8754900342369177
R26un,0.8216870100760405
K27me2,0.4136914836758148
K36un,0.3807816424528517
K27un,0.1197553381134061
K36me2,0.3403435788705268
K27me3,0.3655236907151661
K36me1,0.20399906339518845
R26me1,0.07814438248395689
R26me2,0.10016860743999399
K27me1,0.09324696091009793
K9me2,0.3683344106378231
K23me2,0.0384334646065999
K27ac,0.0077825265855063
R17me2,0.023868377537643606
K9me1,0.09130876475431063
K14me1,0.0539943153613862
K36me3,0.07487571528142431
R17me1,0.0071576899805573
K14me2,0.0052292917233759005
K14me3,0.0038001567663773
R8me1,0.012381409439323199
K23ac,0.05514913237518025
K18ac,0.056511051890319415
K14ac,0.14985096513944612
K23me3,0.014413544689329413
K23me1,0.016513824091964197
K9me3,0.04293449617208601
K9ac,0.010289465215834499
K18me1,0.018438019932918718
K18me2,0.0113963375362134
K4me1,0.019148715848402616
