PTM Combination,Percentage Abundance
K4un,0.988414384000082
R8un,0.9631530924983146
K9un,0.3295359340843098
K14un,0.7086598760625413
R17un,0.9044970016301058
K18un,0.9308374523096796
K23un,0.9075146926310423
R26un,0.8664517490186631
K27me2,0.34626806272118393
K36un,0.6829614859065104
K18me2,0.007096522673586099
K27un,0.033346793618831305
K27me1,0.24323097430248022
K36me1,0.17397431180179815
K36me2,0.11910912712546323
R26me1,0.11537338830158501
K27me3,0.35544055056618906
K23me2,0.021627984560330594
K27ac,0.021713618791306618
R17me2,0.08464749703275048
K9me2,0.4522299917870263
K9me1,0.14059977644189742
K14me1,0.09316836462654333
K18me1,0.0131673312603142
K14me2,0.024786880478277998
K36me3,0.023955075166219697
K23me3,0.012288697453313102
R26me2,0.0181748626797437
K23me1,0.017008270690501103
R8me1,0.036846907501677205
R17me1,0.010855501337135304
K23ac,0.0415603546648041
K9me3,0.06691933633688972
K9ac,0.0107149613498681
K14ac,0.16583890725227163
K18ac,0.04889869375641159
K4me1,0.011585615999909801
K14me3,0.0075459715803574
