PTM Combination,Percentage Abundance
K4un,0.9984443696433336
R8un,0.9784155006474209
K9un,0.2405386525002104
K14un,0.6247239754451742
R17me2,0.08658576165284858
K18un,0.8971970529332473
K23un,0.920062471269786
R26un,0.8841404532519899
K27me2,0.4013653018525341
K36un,0.7070299278194053
K14me1,0.17558968965588784
R17me1,0.0469404704353777
R17un,0.8664737679117671
R26me2,0.026895463538608298
K9me2,0.49458225986759063
R26me1,0.0889640832093956
K27me1,0.12539733726914054
K14me2,0.034143861829798464
K9me1,0.18575531413480745
K23me2,0.0322948001354516
K18me1,0.0462837401421783
K36me1,0.08521512859729863
K27me3,0.43296172958199053
K9me3,0.0617639107882663
K27un,0.0240032985616201
K36me3,0.04462471330544441
K18me2,0.0144569011600273
K14me3,0.0031425365980378
K23me1,0.013197474062848899
K36me2,0.16313023027784476
R8me1,0.021584499352572298
K27ac,0.016272332734707674
K23ac,0.029599783349628747
K9ac,0.017359862709118
K14ac,0.16239993647109477
K18ac,0.04206230576454042
K4me1,0.0015556303566596
K23me3,0.004845471182278
