PTM Combination,Percentage Abundance
K4un,0.9760350503193387
R8un,0.9831026528343014
K9un,0.5690679855406214
K14un,0.6062495818888931
R17un,0.970587997534959
K18un,0.7973010156059205
K23un,0.7546776350829918
R26un,0.8777269874504454
K27me2,0.6229685651340473
K36un,0.14680155649202717
K27me1,0.10126046286816522
K36me1,0.08606154136388207
K27un,0.10670758348872247
K36me3,0.091893180045884
K27me3,0.1664236906721878
R26me1,0.07832271118676375
R26me2,0.043950301362779484
K36me2,0.6752437220981955
K14me3,0.0039179123018651925
R17me2,0.014966209500205
K23me2,0.020972503725081394
K14me2,0.006006509039435899
K14me1,0.13019038754366657
K18me1,0.038169302386664196
R17me1,0.0144457929648245
K23me1,0.028576385134736405
K27ac,0.0026396978368657823
K9me1,0.21444810843965353
K9me2,0.186535839474551
K23ac,0.14943470813784326
K14ac,0.2536356092261275
K18ac,0.16130210455745603
K23me3,0.04633876791933529
R8me1,0.0168973471656871
K9ac,0.019946911182014
K9me3,0.010001155363148603
K4me1,0.023964949680649966
K18me2,0.0032275774499476995
