PTM Combination,Percentage Abundance
K4un,0.9880871729739257
R8un,0.9689453881690442
K9me2,0.44957065742302277
K14un,0.669492751417563
R17un,0.8734791417195987
K18un,0.8945019884003397
K23me1,0.0130791867401108
R26un,0.8635464520254442
K27me1,0.2018464637389145
K36un,0.5530716183371325
K23un,0.9390205980439144
R26me1,0.09574205676773401
K9me1,0.2558459118600579
R17me1,0.06688745586591009
K27me2,0.4480987599122629
K9un,0.2336769918064128
K14me1,0.19892072791846144
K23me2,0.019864911366118603
R26me2,0.040711491206814596
K36me2,0.27414817782660966
K36me3,0.09912842325551209
R17me2,0.0596334024144841
K27un,0.0221924018566337
K14me2,0.0249325910867205
K27me3,0.3165972256225541
R8me1,0.031054611830948504
K18me1,0.04898460649194471
K27ac,0.011265148869627602
K36me1,0.07365178058073839
K9me3,0.048665447635627496
K14me3,0.0086291026462071
K14ac,0.09802482693104062
K23me3,0.0038369104699693094
K23ac,0.024198393379879803
K18ac,0.055844117237039165
K9ac,0.0122409912748718
K4me1,0.011912827026066863
K18me2,0.0006692878706691
