PTM Combination,Percentage Abundance
K4un,0.9885910163645051
R8un,0.9801404148569465
K9un,0.6302837268310378
K14un,0.6009582721177417
R17un,0.9757863926166473
K18un,0.8235973565448045
K23un,0.8060928877233865
R26me2,0.06890829812429841
K27me1,0.07699305421640742
K36un,0.16026849005648258
R26un,0.8640963471147596
K27me3,0.17078357257962298
K27me2,0.659624221285742
K36me1,0.07321996051674329
K36me2,0.7068963519858601
R26me1,0.06699535476093087
K27un,0.08784009427671449
K36me3,0.059615197440903184
K9me1,0.20018065705448718
K14me1,0.12047092839650796
K18me2,0.0048094561684236745
K23me2,0.025405555349804994
K9me2,0.14072243620184918
R17me1,0.0119141091428663
K23ac,0.12431057779790033
K27ac,0.004759057641501959
K14me2,0.0108582828086196
K18me1,0.03552648034384385
R8me1,0.01985958514304275
K23me1,0.019686690829984525
R17me2,0.012299498240475193
K14ac,0.2660435956835836
K18ac,0.13606670694291645
K9ac,0.01953762749458966
K9me3,0.009275552418025097
K23me3,0.024504288298912033
K4me1,0.011408983635483769
K14me3,0.0016689209935359542
