PTM Combination,Percentage Abundance
K4un,0.9585151889119452
R8un,0.9892423330484529
K9un,0.6627313397811346
K14un,0.6072135942840148
R17un,0.9647252567807658
K18un,0.6895889402876898
K23un,0.6600744367364136
R26un,0.9235029450521602
K27me2,0.6167446348061104
K36un,0.17853538447099077
R26me2,0.036369223788633026
K27un,0.062184838166264515
K36me2,0.6759616225176023
R26me1,0.04012783115919347
K27me1,0.11119756384517214
K9me2,0.11537346535571737
K27me3,0.19621199791531982
K36me1,0.08833383161863537
K36me3,0.057169161392757586
K27ac,0.013660965267118927
K23me1,0.04542645649735618
K14me2,0.013470730628919339
K23ac,0.21475589664237987
K18me1,0.0511720585535956
K23me3,0.03656662786930038
K18ac,0.2518868193792259
K9me1,0.15930577202307877
K14me1,0.10755203813534935
K23me2,0.04317658225453642
K14ac,0.2664601776712715
R17me1,0.008146659201393706
K18me2,0.007352181779475369
K14me3,0.005303459280431574
R8me1,0.010757666951533887
K9ac,0.03103866184311545
R17me2,0.027128084017826997
K4me1,0.04148481108804146
K9me3,0.0315507609969397
