PTM Combination,Percentage Abundance
K4un,0.9901439241421169
R8un,0.9470003711387565
K9un,0.32233513692133187
K14un,0.6711895895653615
R17un,0.8662023260588334
K18un,0.9180652138562314
K23un,0.9278354686736255
R26un,0.8348478722631528
K27me3,0.27415412377853793
K36un,0.5999771665973854
K27me2,0.5172720026398879
K36me1,0.12280570156358776
R26me1,0.12181930471290851
K23me2,0.0222314269003277
K27un,0.023350386471077598
K27ac,0.0184599077235707
K14me1,0.1498904933350869
R26me2,0.0433328230239313
K27me1,0.16676357938691827
K14me2,0.028545822431675697
R17me2,0.09278071380563971
K36me2,0.253253483475877
R17me1,0.0410169601355196
K36me3,0.023963648363142596
R8me1,0.052999628861236305
K9me1,0.21474742986022297
K18me1,0.022396020876516497
K9me2,0.3543789383588717
K23me1,0.0092726033411086
K14ac,0.14444009717478287
K9me3,0.1001473806309785
K23ac,0.02945912782544087
K18ac,0.05847004839544893
K9ac,0.008391114228587872
K4me1,0.0098560758578759
K23me3,0.0112013732594903
K14me3,0.0059339974930857995
K18me2,0.0010687168717961
