PTM Combination,Percentage Abundance
K4un,0.9516169055364602
R8un,0.9643275842028086
K9un,0.49345464598137906
K14un,0.6994826133517489
R17un,0.967392800727883
K18un,0.8560870972730187
K23un,0.8815427165028733
R26un,0.8875748440252589
K27me2,0.5591603966741031
K36un,0.16286872315127443
K27me3,0.2983134867586363
K36me1,0.22006021174863838
R26me1,0.06858567012409893
K27un,0.08248574967281254
K36me3,0.05557451080018727
K27me1,0.053824449430202044
K36me2,0.561496554299889
R26me2,0.043839485850631056
K23me1,0.016125038272365125
K14me2,0.00955672599545799
K18me2,0.003207755927287283
K23me2,0.005473820669162626
R17me2,0.019554355844331524
K9me2,0.24502658471339148
K18me1,0.03909408405736732
K23ac,0.09162918572714525
K18ac,0.10161106274231582
K23me3,0.005229238828443001
K9me3,0.021608490261217923
K9me1,0.21163874272153904
K14me1,0.09694944207509505
R17me1,0.01305284342777438
R8me1,0.035672415797180314
K14ac,0.19232177361629219
K27ac,0.00621591746423516
K14me3,0.0016894449613951
K4me1,0.04838309446352875
K9ac,0.028271536322461745
