PTM Combination,Percentage Abundance
K4un,0.982690339880241
R8un,0.9498028243730192
K9me2,0.5327636221863361
K14un,0.7032420298957955
R17un,0.9414430852502763
K18un,0.9389318579687025
K23un,0.9645758371726676
R26un,0.8989266611918779
K27me1,0.1349246308778985
K36me1,0.14542002913437058
K9un,0.10982666564391085
R17me2,0.0369389339958831
K27me2,0.39304971038893477
K36un,0.5807190182414594
K9me1,0.2238308397458029
K14me1,0.13167873629047538
R26me1,0.0853078168145561
R17me1,0.021617980753835298
R26me2,0.015765521993560502
K14me2,0.0074685811730312995
R8me1,0.050197175626975406
K23me1,0.0095896977893373
K27me3,0.39712361222036474
K27ac,0.05361673465508879
K23me2,0.0082932758242155
K18me2,0.0008647746749693
K9me3,0.1324349237028816
K27un,0.0212853118577076
K36me3,0.025232183977176203
K18me1,0.0311931830128827
K14me3,0.0011009085079482
K18ac,0.029010184343440184
K14ac,0.15650974413274435
K36me2,0.2486287686469881
K23ac,0.014085732016643579
K23me3,0.0034554571971305
K9ac,0.0011439487210631
K4me1,0.0173096601197536
