PTM Combination,Percentage Abundance
K4un,0.9785756019271553
R8un,0.9454938895260089
K9me2,0.5060283430027968
K14un,0.6718487778764755
R17un,0.9131665918088896
K18un,0.9422693177004072
K23un,0.9761893222596646
R26un,0.9133261658308179
K27me1,0.1158382617094384
K36me1,0.1616360060028689
K9me1,0.22873051672775235
K14me1,0.14031759228906268
K27me2,0.42776610961682593
K36un,0.5615332388620172
K23me1,0.0068881100922869
R26me1,0.0706723331070936
K9un,0.13554717010615822
R17me2,0.0487327205222094
R8me1,0.05450611047398659
R17me1,0.0381006876688963
K23me2,0.0061394864009908
R26me2,0.0160015010620839
K14me2,0.018976347816215197
K27ac,0.09435620649071438
K27me3,0.35076573814302775
K9me3,0.1176699389222616
K9ac,0.012024031241026701
K27un,0.0112736840399892
K14me3,0.013051955430957201
K18ac,0.017659954055825898
K36me2,0.26953523032007387
K18me1,0.0384246845201589
K14ac,0.1558053265872849
K36me3,0.0072955248150357
K23ac,0.0059388009266965
K18me2,0.0016460437236036
K4me1,0.021424398072840033
K23me3,0.0048442803203567
