PTM Combination,Percentage Abundance
K4un,0.947814014491327
R8un,0.8723833859983334
K9un,0.1391919177593534
K14un,0.6054879099676664
R17me2,0.0066873092505928
K18me1,0.0905956206603014
K23un,0.9623731715882149
R26un,0.7594233560056436
K27me2,0.44694410932532713
K36un,0.3703076686387389
K14me1,0.2219468301876666
R17me1,0.1337249114139633
K9me2,0.4730958357086276
R17un,0.8595877793354425
K18un,0.9094043793396973
K27me3,0.3424296976960074
K14me2,0.015883053174437
K9me1,0.2867348017871051
R26me1,0.240576643994355
K27me1,0.1540615460602681
K36me1,0.1003648267882076
K27ac,0.056564646918395904
K36me3,0.0948016267827813
K36me2,0.43452587779027063
K23ac,0.0126815308481043
R8me1,0.1276166140016653
K9me3,0.1009774447449124
K23me1,0.0249452975636796
K14ac,0.1566822066702285
K4me1,0.0521859855086717
