PTM Combination,Percentage Abundance
K4un,0.9723510882276202
R8un,0.996427020782914
K9un,0.6672434862045797
K14un,0.583998263836203
R17un,0.9825557209155737
K18un,0.7464015642253987
K23un,0.6433405267976188
R26un,0.959274905511484
K27me1,0.1146854202932853
K36me1,0.12837854523289638
K27me2,0.6201129317494322
K36un,0.23074394254886127
K27un,0.057276457375680975
K36me2,0.5874630124818859
R26me2,0.019287946316517236
R26me1,0.021437148171985936
K23me2,0.04810857288203169
K27me3,0.20592012835530332
K36me3,0.053414499736344094
K14me2,0.014146350944758848
K9me2,0.0816296503663114
K23me1,0.034181815334313255
K23ac,0.2173140668000729
K14ac,0.315366769495026
K18ac,0.20775607681797148
K23me3,0.05705501818595089
K27ac,0.0020050622262857225
K18me1,0.04027217611546948
R17me1,0.006660682755919252
K9ac,0.0305157634191563
K14me1,0.07496138867373982
K9me3,0.08490758241848852
K9me1,0.13570351759145127
K18me2,0.0055701828411473
R17me2,0.0107835963284942
K14me3,0.011527227050259499
K4me1,0.02764891177236684
R8me1,0.0035729792170732188
