PTM Combination,Percentage Abundance
K4un,0.999999999999999
R8un,0.8667064683624527
K9un,0.2468580135859294
K14un,0.5979489855369383
R17un,0.8667064683624527
K18ac,0.1256378408487043
K23un,0.8613364406399852
R26un,0.9208052960797989
K27me2,0.5572104026480396
K36un,0.2342932691384261
K18un,0.8743621591512948
K23ac,0.1190913689008968
K9me2,0.2822633826532898
K27me3,0.36063377531355806
K36me1,0.22543872566281012
K9me1,0.2578749735900274
K14me1,0.1641691902862519
K36me2,0.5402680051987628
R26me2,0.0396069555864294
K27un,0.0396069555864294
K27ac,0.0425488664519721
R8me1,0.13329353163754631
R17me1,0.13329353163754631
K9me3,0.21300363017075252
K14ac,0.23788182417680878
K23me1,0.012142184889014
K23me2,0.0074300055701032
R26me1,0.0395877483337708
