PTM Combination,Percentage Abundance
K4un,0.9747667932613892
R8un,0.899944194629949
K9un,0.17818795113415353
K14un,0.6753679912320951
R17me2,0.08122478750493294
K18un,0.8870424905532943
K23un,0.9570622408928204
R26un,0.87041116704663
K27me2,0.48268393044862035
K36un,0.5379096448313826
K9me2,0.4170212687495757
R17un,0.8512327281692736
R26me1,0.11361129870471827
K27me1,0.18472895295072675
K9me1,0.2828022585854631
K14me1,0.1811257637491187
R8me1,0.10005580537004449
K36me1,0.08708421578252266
K14me2,0.025288196837945903
R17me1,0.06754248432578731
K23me2,0.023783886812659895
R26me2,0.01597753424864519
K18me2,0.0014778634390478563
K27me3,0.306082557565296
K18me1,0.08907756169127154
K23me1,0.0068603673935171
K27un,0.01559050662638773
K36me2,0.29837539325739065
K14me3,0.0120822214423821
K23me3,0.0026999560314203003
K9me3,0.08455125466817001
K27ac,0.01091405240896285
K36me3,0.07663074612869755
K4me1,0.0252332067386043
K23ac,0.009593548869575601
K18ac,0.022402084316379828
K14ac,0.10613582673845214
K9ac,0.03743726686263141
