PTM Combination,Percentage Abundance
K4un,0.9885733412358995
R8un,0.9861701275704025
K9un,0.7819607837414108
K14un,0.6155257338112533
R17un,0.9887662538367316
K18un,0.8062237770359577
K23un,0.7823014591854354
R26un,0.9402628877322762
K27me2,0.5712667793677547
K36un,0.18365416416670607
K27un,0.08942722804628549
K36me2,0.6401241426790656
R26me2,0.030087889703975603
K27me3,0.216620875387215
K36me3,0.05434711291774906
K36me1,0.12187458023646901
K27me1,0.1105915493882685
K27ac,0.012093567810466006
K9me2,0.06770767109888207
K18me1,0.0261600128085446
K14me1,0.04834094859245451
K23me1,0.023797084280337298
R26me1,0.029649222563738
K23ac,0.14431784067285655
K18ac,0.1635232706107394
K9me1,0.12160869833035742
R8me1,0.0138298724295873
K14ac,0.33320904228333664
K23me2,0.015155299052231402
K23me3,0.0344283168091294
R17me1,0.0090278536607875
R17me2,0.0022058925024707
K9me3,0.0223655785301436
K18me2,0.0040929395447481
K9ac,0.006357268299196199
K14me3,0.0021075359597296003
K4me1,0.0114266587640903
K14me2,0.0008167393532158
