PTM Combination,Percentage Abundance
K4un,0.9860289524977353
R8un,0.9838527289878017
K9un,0.7142924977455478
K14un,0.6701261202611878
R17un,0.9812330207920222
K18me2,0.0029438295863824975
K23un,0.7265166123539717
R26un,0.9341647175845258
K27un,0.0821463675833227
K36un,0.16208521814857843
K18un,0.8478217433719529
K36me2,0.6884896371963705
K23me2,0.030364084544383697
K27me2,0.6055640932579257
K36me1,0.09089616044781729
K27me3,0.2227630616447146
K27me1,0.0688374625554594
R26me1,0.029009683593705766
K36me3,0.05852898420722125
K27ac,0.020689014958564903
K9me2,0.05878405509623219
K18me1,0.041182039123642204
R26me2,0.03682559882175591
R17me1,0.014795455455635802
K9me3,0.01082944806404557
R17me2,0.0039715237523289
K23me3,0.06301327352864336
K14me1,0.0890173340565087
K9me1,0.2061566271951619
K14me2,0.0029156078336464997
K23me1,0.018927913592953302
K14me3,0.0016295150436724001
K23ac,0.16117811598003473
R8me1,0.016147271012185497
K14ac,0.23631142280497172
K18ac,0.10805238791800932
K4me1,0.01397104750225174
K9ac,0.009937371898999861
