PTM Combination,Percentage Abundance
K4un,0.9908028699820416
R8un,0.9933586531506003
K9un,0.3450811030582434
K14un,0.5987222548988539
R17un,0.8621713466146367
K18un,0.8720607460110562
K23un,0.9083993269869406
R26me2,0.06646250310361058
K27me2,0.5176831899190957
K36un,0.5716983132106627
R26un,0.8133294243025162
K36me2,0.28810350726935274
K23me2,0.03742164998680857
R17me2,0.09740776115085155
R26me1,0.12020807259386392
K27me3,0.26042160801566405
K9me1,0.23719360305157466
K14me1,0.16742814105188947
K9me2,0.33323127513807266
K27me1,0.19281325918687817
K14me2,0.04242360224703602
R8me1,0.006641346849390101
R17me1,0.04042089223450221
K36me1,0.0715713259853493
K18me1,0.0783689008254153
K27un,0.021716882431155462
K23me1,0.024194868156920117
K36me3,0.06862685353462546
K18me2,0.005446106513574699
K27ac,0.007365060447197356
K9me3,0.0730702333142451
K14me3,0.0153010575449448
K14ac,0.17612494425726646
K23ac,0.02762820945951452
K18ac,0.044124246649944264
K9ac,0.011423785437855102
K4me1,0.009197130017948722
K23me3,0.002355945409806127
