PTM Combination,Percentage Abundance
K4un,0.9841129358445514
R8un,0.9856967908060237
K9un,0.7623976593896995
K14un,0.6336283597771792
R17un,0.9894865379389066
K18un,0.7841521943686214
K23un,0.7779514497437124
R26un,0.9364848312245364
K27me2,0.6440982052283368
K36un,0.15208956363387038
K27un,0.054320805278452046
K36me2,0.7002646366304636
K27me3,0.2016838478272949
K36me1,0.09583872336613736
R26me1,0.035674954793796
K27me1,0.09460605361721755
K27ac,0.0052910880486892985
K36me3,0.051807076369519194
K9me2,0.0453055916440292
K14me2,0.0044786035591761
R26me2,0.027840213981657598
K23me1,0.0265039011571819
K23ac,0.1345107112830478
K9me1,0.1687171984994222
K14me1,0.06091527918625499
R17me1,0.006075221741749899
K18me1,0.0314252848097587
K14ac,0.29832272147767835
K18ac,0.18411920662601847
K23me3,0.041070097058217896
R8me1,0.0143032091939662
K4me1,0.015887064155438606
K9ac,0.0037899080138206996
K9me3,0.0197896424530185
R17me2,0.004438240319333476
K23me2,0.019963840757830358
K18me2,0.0003033141955923
K14me3,0.0026550359997018
