PTM Combination,Percentage Abundance
K4un,0.9870737942454199
R8un,0.9871289545722505
K9un,0.7062758760492936
K14un,0.652314306488368
R17un,0.9810790083298956
K18un,0.8445429292871761
K23un,0.7501458940666242
R26un,0.9288753618219444
K27me2,0.6350762966356083
K36un,0.16742822946385305
K27un,0.08008181247101127
K36me2,0.6935385095824295
K27me3,0.21051452103494916
K36me1,0.09425318960907156
K36me3,0.0447800713446341
R26me1,0.029783683004516656
K27me1,0.05969532376290537
K23ac,0.15084496243185574
K27ac,0.014632046095514299
R26me2,0.04134095517352706
K9me2,0.04839520340843902
R17me1,0.01675890151089367
K9me1,0.2196024281959885
K14me1,0.0979175109009036
K14me2,0.003505758368544
K18me2,0.0029278901568236
K23me1,0.016344936015664197
K18me1,0.03798692058426631
K23me2,0.030670338568009027
R8me1,0.012871045427737671
K14ac,0.2442136928948366
K14me3,0.002048731347336
K18ac,0.11454225997172196
K23me3,0.051993868917834606
K9ac,0.011906186883002363
K9me3,0.013820305463264298
K4me1,0.012926205754568239
R17me2,0.0021620901591989
