PTM Combination,Percentage Abundance
K4un,0.9796070309735065
R8un,0.924026792151103
K9me1,0.34138600883459297
K14me1,0.2033012544074656
R17un,0.9073176128245769
K18un,0.9215664233002554
K23un,0.9135746025088124
R26un,0.8828121796804321
K27me2,0.4977875765162323
K36un,0.3707939337536523
K9un,0.3553285184359869
K14un,0.6571342884481767
R26me2,0.0526917198621066
R17me2,0.0165859668899345
K9me2,0.22750521031314253
K27me3,0.3338846259716077
K14me2,0.0394581798639419
K18me2,0.0334707894771336
R17me1,0.07609642028548551
K23me2,0.0582100640966823
K27un,0.0238238324310859
K36me3,0.16598120354956647
R26me1,0.0644961004574581
K36me1,0.054851030921077897
K36me2,0.4083738317756998
K27me1,0.1224010171579868
K14me3,0.032518016541924905
R8me1,0.07597320784889411
K23me3,0.0009874821407505
K9me3,0.0753004155142806
K23me1,0.019039519733651297
K18me1,0.0439046283309957
K4me1,0.0203929690264906
K23ac,0.008188331520100501
K27ac,0.0221029479230838
K14ac,0.0675882607384878
K18ac,0.0010581588916123
K9ac,0.0004798469019936
