PTM Combination,Percentage Abundance
K4un,0.9767610681013614
R8un,0.9932069885250954
K9un,0.7543468536323337
K14un,0.5320840183695354
R17un,0.9859122348715558
K18un,0.7266569228313562
K23un,0.6052767156433538
R26un,0.9564713128168032
K27me2,0.6424156299771644
K36un,0.18380422589027937
K27me1,0.07606159953188099
K36me1,0.10315150422996859
K27me3,0.22762792956787126
K9me2,0.0595539084853665
K27un,0.047278356161282765
R26me2,0.024386657523515504
K36me2,0.6458440917167951
K36me3,0.06720017816294718
R26me1,0.019142029659671673
K9me1,0.12026987338010521
K14me1,0.07113762983429889
K23ac,0.2614478122520048
K23me3,0.09049121701359439
R8me1,0.006793011474894899
K27ac,0.006616484761791
K18ac,0.24275228810740523
K14ac,0.3873680229463818
K23me1,0.020527448641020997
K9ac,0.018810884214344
K9me3,0.0470184802878407
K23me2,0.022256806450016306
R17me2,0.0115037764362475
K18me2,0.0100219952833598
K18me1,0.020568793777869472
K14me3,0.0077463655400966
K4me1,0.023238931898629103
R17me1,0.0025839886921872
K14me2,0.00166396330967748
