PTM Combination,Percentage Abundance
K4un,0.9636916441287878
R8un,0.9759677155380417
K9un,0.4993802219395067
K14un,0.5705759655454229
R17un,0.9599953768863858
K18un,0.748875934214737
K23un,0.7604993465070109
R26un,0.8888459900110259
K27me2,0.6342130398857869
K36un,0.1494184078201796
K27un,0.08486469939394688
K36me2,0.6773647321823457
K36me1,0.07132116311476663
K27me3,0.1656880451664214
R26me2,0.0508722137757042
K27me1,0.11354624582647671
R26me1,0.06028179621325757
K36me3,0.10189569688269569
K23me2,0.02155172067680382
K9me2,0.18211963767258094
R17me2,0.012182637323860901
R8me1,0.0240322844619459
K9me1,0.2816663979424378
K14me1,0.17028794437373346
K18me1,0.043041395602984506
R17me1,0.02782198578974102
K23ac,0.15973872551912882
K9me3,0.011732329505081261
K14me3,0.0015254689519129
K23me1,0.029532562530266517
K18ac,0.2070929442050025
K23me3,0.028677644766777376
K14ac,0.25271139518440183
K9ac,0.02510141294038132
K18me2,0.000989725977263573
K27ac,0.0016879697273559
K4me1,0.03630835587119996
K14me2,0.0048992259445162
