PTM Combination,Percentage Abundance
K4un,0.9344683504450909
R8un,0.9562961200605311
K9un,0.483239393802278
K14un,0.6517605413147092
R17un,0.9571117427318873
K18un,0.8592564400139145
K23un,0.8662143650788736
R26un,0.8563502882138184
K27me2,0.5493755479437036
K36un,0.1755281452456429
K27un,0.1034766903204989
K36me2,0.6049385967912495
K23me2,0.014337030186319625
R26me2,0.037435690937469256
R26me1,0.10621402084869855
K27me1,0.13059430117315288
K27me3,0.20524263402048126
K36me1,0.10830127707201068
K36me3,0.11123198089108315
K9me2,0.20423660772324173
K27ac,0.011310826542149838
K23ac,0.06490195509880914
R17me2,0.017668126406884765
K9me1,0.27413377983152387
K14me1,0.13512206781788205
K14me2,0.010421788314897
K23me1,0.03469139633574294
K23me3,0.019855253300240797
R17me1,0.025220130861214173
R8me1,0.04370387993945517
K18me1,0.04201367001624146
K14me3,0.003425090300035562
K18me2,0.0021028469644945075
K4me1,0.06553164955489517
K9me3,0.023049588082892595
K14ac,0.19927051225246217
K18ac,0.09662704300533569
K9ac,0.0153406305600502
