PTM Combination,Percentage Abundance
K4un,0.9944061401494797
R8un,0.9743203305197331
K9un,0.37581374166353626
K14un,0.5908902216666817
R17un,0.8888243484726831
K18un,0.8481432915815036
K23un,0.9025146501153991
R26un,0.8532278230145695
K27me2,0.4847392833720269
K36me2,0.3865521227699105
R26me1,0.08058780041034835
K27me3,0.37248008614819234
K36un,0.4971709220825792
K23me2,0.048950930899290444
K27me1,0.10894209546713188
K36me3,0.07675241466837672
R17me2,0.0622686403552391
K14me2,0.0235932874118648
K9me2,0.3114388578499403
K27ac,0.003444554776831741
K36me1,0.03952454047912626
R8me1,0.025679669480258998
K9me1,0.2364760901551069
R26me2,0.06618437657507369
K14me1,0.17263894606384336
R17me1,0.048907011172069706
K18me1,0.07718764902380723
K27un,0.030393980235809814
K18me2,0.0106932132163897
K9me3,0.054910986102409395
K14me3,0.0103744168447053
K23me1,0.009553640613842899
K14ac,0.20250312801289705
K4me1,0.0055938598505121334
K23ac,0.03691480376423942
K18ac,0.06397584617829183
K9ac,0.021360324228999698
K23me3,0.0020659746072206
