PTM Combination,Percentage Abundance
K4un,0.9858668833317151
R8un,0.9831652218205287
K9un,0.7810902265811653
K14un,0.6199230002523083
R17un,0.9868377946002274
K18un,0.8013180191643366
K23un,0.7747298278623301
R26un,0.9394542329786256
K27un,0.08699860917911771
K36me2,0.6523866534728463
K27me2,0.6081610345644745
K36un,0.19245160988720625
K36me1,0.10047812810244314
K23me2,0.027085340655330598
K23ac,0.1490995477124858
K27me3,0.18507395073349522
K27me1,0.10863507585179238
K27ac,0.011131329671110102
K36me3,0.05468360853749419
R26me1,0.03436402225515517
K9me2,0.0633398874034528
K23me1,0.019528723698543898
K14me2,0.0070336057264792
K18me1,0.0212522634796316
K14me1,0.0449802163292788
K18me2,0.0083152054080907
R26me2,0.026181744766208798
K9me3,0.021542943526999307
K9me1,0.12888372822051325
K14ac,0.32492221016132444
R8me1,0.0168347781794611
R17me1,0.0108206146511414
K23me3,0.029556560071299257
K14me3,0.0031409675305995
K18ac,0.169114511947931
R17me2,0.0023415907486211
K9ac,0.0051432142678587995
K4me1,0.0141331166682746
