PTM Combination,Percentage Abundance
K4un,0.9869296957590227
R8un,0.9236466941015794
K9un,0.29246928012265694
K14un,0.6553984716241653
R17un,0.8568708561645202
K18un,0.9146001257943311
K23un,0.9339423140855776
R26un,0.8614458603049188
K27me3,0.24736260176331223
K36un,0.5713626647296371
K27me2,0.5392221755280482
K36me1,0.11649435507876811
R26me1,0.106044810091156
R26me2,0.0325093296039172
K27me1,0.14784885196942718
R17me2,0.09214729891751558
K9me1,0.24036392099346188
K14me1,0.15993371015869035
K9me2,0.3375031454347245
R8me1,0.07635330589841272
K36me2,0.2820536882113669
K23me2,0.013172640986526601
K4me1,0.0130703042409693
R17me1,0.0509818449179561
K14me2,0.020497235063667702
K23me1,0.0112516576000532
K27un,0.02694413717806741
K14ac,0.1553937293904226
K27ac,0.038622233561136934
K9me3,0.12541861327403236
K36me3,0.030089291980220416
K14me3,0.008776853763046301
K18ac,0.06805851336833861
K23ac,0.03820509811862642
K18me2,0.0010958182488860135
K18me1,0.016245542588436496
K9ac,0.0042450401751172005
K23me3,0.0034282892092082997
