PTM Combination,Percentage Abundance
K4un,0.9752895904357379
R8un,0.9700742852199539
K9un,0.5352903089204641
K14un,0.6329019339524384
R17un,0.9556837161622627
K18un,0.8337287399904544
K23un,0.8613310717445052
R26un,0.8764535547497562
K27me2,0.6078114391918288
K36un,0.13178562432382404
R26me2,0.03981835130293481
K27me1,0.13687198567910633
K36me1,0.09082667852392226
K27me3,0.1624761906617804
K27un,0.0876048824595401
K36me2,0.6660763773830769
K36me3,0.11131131976916525
R26me1,0.083728093947298
R17me1,0.0237656614630452
K23me2,0.012354103331489149
K9me2,0.1711797900414784
R17me2,0.020550622374681103
K14me1,0.1715372637271874
K23me1,0.024386996121283023
R8me1,0.029925714780035192
K9me1,0.26940400167183026
K18me1,0.027055249695892403
K14me2,0.008482281937980101
K27ac,0.005235502007732464
K23ac,0.08732554822375203
K18me2,0.0011530493618489568
K18ac,0.13806296095179288
K14ac,0.186367502224291
K4me1,0.0247104095642508
K9ac,0.0152759129606588
K9me3,0.008849986405557026
K23me3,0.014602280578959334
K14me3,0.0007110181580915001
