PTM Combination,Percentage Abundance
K4un,0.9873398075164322
R8un,0.9910803756768063
K9un,0.8518445905732359
K14un,0.45078140196547695
R17un,0.9942739769774491
K18un,0.7516119554645834
K23un,0.6073827461568582
R26un,0.9300183773897083
K27me2,0.7328436179941612
K36un,0.08322234318976769
K27me3,0.1647258633453798
K36me1,0.1183253930235586
R26me2,0.05928900114677161
K27me1,0.03944684927927399
K27un,0.059317220456095186
K36me2,0.782936782360024
R26me1,0.01069262146351277
K36me3,0.015515481426642198
K23me2,0.0126767118117547
K23me1,0.023548839437355203
K23ac,0.22490237918970865
K23me3,0.13148932340431585
K9me1,0.0919323259156021
K14me1,0.0376152941688797
K9me2,0.029596161941673603
R8me1,0.008919624323186201
K18ac,0.20728894308234733
K14ac,0.5089538533002333
K27ac,0.0036664489250823
R17me1,0.0057260230225433
K9me3,0.0206857988938724
K18me1,0.0341775900361446
K4me1,0.012660192483560099
K9ac,0.00594112267560824
K14me3,0.0026494505654022
K18me2,0.0069215114169169
