PTM Combination,Percentage Abundance
K4un,0.9920005255354828
R8un,0.9859795485153107
K9un,0.7664266732368425
K14un,0.6330610444540147
R17un,0.9828581446882596
K18un,0.8140786003277547
K23un,0.7766620249672639
R26un,0.9391490298413694
K27me2,0.6430591238721218
K36un,0.12480123699323119
K27un,0.08401030311736751
K36me2,0.7220402908197521
R26me1,0.02630775046536518
K27me1,0.07019329667113351
K27me3,0.19144100354023508
K36me1,0.09074459680583392
K27ac,0.011296272799133297
K36me3,0.06241387538117421
K23ac,0.14363973283081855
K9me2,0.04851780902283849
K14me1,0.057152391942827604
R26me2,0.03454321969325689
K9me3,0.021423791993704002
K14ac,0.30625812157758864
K9me1,0.1599386095153715
K14me2,0.0016198209531836
K23me2,0.022260068117797797
K4me1,0.007999474464508858
K23me1,0.011618067008107302
K18me1,0.021864379738051297
K18ac,0.1637825876116645
K18me2,0.0002744323225211
R8me1,0.0140204514846809
R17me1,0.0104636256546114
K23me3,0.045820107076004236
K9ac,0.0036931162312349
K14me3,0.001908621072377
R17me2,0.006678229657120699
