PTM Combination,Percentage Abundance
K4un,0.9940044689586413
R8un,0.9891469227499687
K9me2,0.5892610287558319
K14un,0.7483005217650103
R17un,0.956144858466757
K18un,0.9701675357876872
K23un,0.9684054817464894
R26un,0.9047993236116172
K27me1,0.0843124609011487
K36me1,0.14820723655106605
K9un,0.08571657881014952
R26me2,0.0223114698717847
K27me2,0.3061796261644442
K36un,0.6024660992891626
K9me1,0.14604963787702255
K14me1,0.1259968458264715
R17me2,0.0203209920819989
K18me1,0.017940767216437697
R26me1,0.0728892065165948
K27me3,0.5096638470541922
K27un,0.0271056462609962
K36me3,0.0160598884620596
K9me3,0.1457901089744112
K36me2,0.23326677569770818
K23me2,0.0067038916883246
K14me2,0.0136488105101743
R17me1,0.0235341494512408
K23me1,0.0150447614257371
K27ac,0.0727384196192151
R8me1,0.0108530772500279
K14ac,0.0975420324147963
K23ac,0.007438669030120399
K18ac,0.010311131697759799
K9ac,0.033182645582581397
K14me3,0.014511789483543801
K4me1,0.0059955310413555
K18me2,0.0015805652981121
K23me3,0.0024071961093249
