PTM Combination,Percentage Abundance
K4un,0.996662762103379
R8un,0.9836871843807198
K9un,0.12322424615953623
K14un,0.6807439430412962
R17un,0.9264900558845476
K18un,0.8926394513892142
K23un,0.8604653687529031
R26un,0.9190158909636902
K27me3,0.5247639953699093
K36un,0.6658235569491228
R26me1,0.0674070704609667
K27me2,0.2279778064465923
K9me1,0.127604447313289
K14me1,0.08978907109202128
R17me2,0.060121809411548696
K9me2,0.7004683855583386
K27me1,0.157933049309743
K36me1,0.21302420308756986
R17me1,0.0133881347038974
K23me2,0.0215852870634724
K14me2,0.0108838473932472
K27ac,0.08118221946729172
K23me1,0.005414915333531899
K9me3,0.03357888577944469
R8me1,0.016312815619274
K14ac,0.21387130967949455
K9ac,0.015124035189385428
K18ac,0.06647367262770401
K36me3,0.024749662598005196
K36me2,0.09640257736529613
K23ac,0.0582477958023382
R26me2,0.0135770385753368
K18me1,0.027731365260601114
K27un,0.0081429294064577
K23me3,0.054286633047748126
K18me2,0.0131555107224745
K14me3,0.0047118287939347005
K4me1,0.0033372378966148187
