PTM Combination,Percentage Abundance
K4un,0.9908387725401838
R8un,0.9786970250830713
K9un,0.49427435312024876
K14un,0.5277726692522775
R17un,0.9682958091783488
K18un,0.8308024559705612
K23un,0.7734407555573473
R26un,0.8705091550302801
K27me3,0.23947222323067627
K36un,0.1982602236133631
K27me2,0.5339384512087936
K36me1,0.15980309377184762
R26me1,0.0924934337971533
K27me1,0.12160997908242924
K36me2,0.5447170826411404
R26me2,0.0369974111725552
K27un,0.09203849349703319
K36me3,0.09721959997363738
R17me1,0.020428823488674308
K18me1,0.042111190752159786
K23me2,0.0295833883364891
K9me2,0.23723771704857344
K23me1,0.022030381531598697
K9me1,0.22617753011827257
K14me1,0.1485979610378179
K14me2,0.0226406014826202
K27ac,0.0129408529810567
K14me3,0.0018245620464839001
R8me1,0.021302974916917905
R17me2,0.0112753673329661
K23ac,0.10879827827228156
K18ac,0.12104886582418511
K14ac,0.2991642061807893
K4me1,0.0091612274598052
K9ac,0.013592199133569101
K9me3,0.028718200579324702
K23me3,0.0661471963022725
K18me2,0.0060374874530828996
