PTM Combination,Percentage Abundance
K4un,0.9944900755871583
R8un,0.976660858523919
K9un,0.18885661068892623
K14me2,0.0171662822267231
R17un,0.9005559506639158
K18un,0.8564393544763665
K23un,0.8963887834484698
R26me1,0.0785113374352096
K27me1,0.1111824992822434
K36un,0.6523034576111516
K9me2,0.5591393355660387
K14un,0.5078168270505239
K9me1,0.18103517084239693
K14me1,0.15299201514350247
R26un,0.8917212451410461
K27me2,0.3225285445715969
R17me2,0.0739950334473194
R17me1,0.025449015888757205
K18me1,0.04942644323903269
K36me1,0.07041061375788152
K27ac,0.014581652310351802
R26me2,0.0297674174237366
K27me3,0.529469717946641
K9me3,0.0434206965623324
K14me3,0.0008477736237026
R8me1,0.0233391414760735
K23me3,0.0084035050483244
K27un,0.0222375858891592
K36me3,0.07173577267652201
K23me1,0.0079314930565902
K23ac,0.059836734883024115
K36me2,0.2055501559544374
K18ac,0.0870255495876337
K14ac,0.3211771019555403
K23me2,0.027439483563583802
K9ac,0.027548186340298077
K18me2,0.0071086526969595006
K4me1,0.0055099244128337995
