PTM Combination,Percentage Abundance
K4un,0.9968381365939962
R8un,0.9914335517232672
K9un,0.6154853355342186
K14un,0.716874081994409
R17un,0.9728418335566331
K18un,0.8900366389100708
K23un,0.834420399118381
R26un,0.9213892571724134
K27me2,0.5285995557644004
K36un,0.274496674256236
K27un,0.11789898310975262
K36me2,0.5143435267021559
K27me1,0.07669375099041358
K36me1,0.14056694408500767
K23me2,0.020849693762462002
K18me2,0.014656054292491965
K14me2,0.008722155275091981
K9me1,0.13926115404407188
R17me1,0.01721646509898868
K9me2,0.1953015399234422
K14me1,0.08769356235186189
K27me3,0.262317154060433
K36me3,0.0705928549565909
K27ac,0.0144905560749908
R26me1,0.046846949391596046
K18me1,0.021436634626594005
K23me1,0.01824520145867529
R26me2,0.031763793435980195
R17me2,0.0099417013443679
K14me3,0.004751542771861899
K23me3,0.0339242490495611
K23ac,0.09256045661091056
K9me3,0.0412440468091987
K18ac,0.07387067217083303
K14ac,0.18195865760676536
K9ac,0.008707923689058698
R8me1,0.0085664482767222
K4me1,0.0031618634059933
