PTM Combination,Percentage Abundance
K4un,0.9932891399330037
R8un,0.9937983229740687
K9un,0.7247077363396333
K14un,0.5701580702080513
R17un,0.9857390600446179
K18un,0.7866495194897041
K23un,0.7298581165354969
R26un,0.9253613097708411
K27me2,0.537170455497878
K36un,0.27999791980896904
K27un,0.08382505989899063
K36me2,0.5140877216032665
K27me3,0.2569692663930678
K36me3,0.0674066417036253
K27ac,0.019544595245203446
K36me1,0.13850771688412944
K27me1,0.1024906229648506
R26me1,0.03567901612723898
K9me2,0.16681652868477392
K14me1,0.04987054158158512
K14me2,0.009250155462676083
R26me2,0.0389596741019091
K14ac,0.3693655555746255
K9me1,0.0938245441522399
K23me3,0.09027496108617739
K23me2,0.03440129936765042
R17me1,0.010957075246927
K23ac,0.13254259520249084
K23me1,0.0129230278081742
K18me2,0.0204959591298186
K18ac,0.16120470661732703
K14me3,0.001355677173052523
K9me3,0.011927980659982799
R17me2,0.0033038647084445002
K18me1,0.0316498147631397
K9ac,0.002723210163359923
K4me1,0.0067108600669854
R8me1,0.0062016770259205
