PTM Combination,Percentage Abundance
K4un,0.9936818302195952
R8un,0.9935482386672028
K9un,0.750850860088277
K14un,0.7359145014064639
R17un,0.9898832134775519
K18un,0.8356973703988058
K23un,0.7392688099257504
R26un,0.9596212503105799
K27un,0.11079210639061238
K36me2,0.41980680095011563
K27me2,0.449091009948042
K36un,0.3222782957951096
K27me3,0.2849145586672937
K27me1,0.14078765333886623
K36me1,0.15145082061921317
K14me2,0.0013559823759355316
K36me3,0.10646408263555089
K23ac,0.18981871835955585
K27ac,0.0144146716551749
R26me1,0.025329812133363442
K9me2,0.13047653788774818
K14ac,0.22406296748095894
K18me1,0.014388341900302101
K9me1,0.08272463882222489
K14me1,0.035851872377887964
K18me2,0.0016709169196537
R26me2,0.0150489375560458
K23me3,0.045060972554680605
K23me2,0.013112038986441801
K18ac,0.14824337078122818
K23me1,0.012739460173561
R8me1,0.006451761332786463
K9me3,0.0270170381633178
R17me1,0.0028917995339375604
K9ac,0.008930925038420799
R17me2,0.007224986988499599
K14me3,0.002814676358743
K4me1,0.006318169780394026
