PTM Combination,Percentage Abundance
K4un,0.9738650049762495
R8un,0.9697026357028194
K9un,0.5483574214436437
K14un,0.6677262625728069
R17un,0.9702491532220843
K18un,0.8050238969390235
K23un,0.7928360091504437
R26un,0.8575869388396462
K27me2,0.5186554976162154
K36un,0.19424145609571536
R26me1,0.11026562352627618
K27me1,0.1688349398586718
K27un,0.10675677488334326
K36me2,0.5388709529381626
K36me1,0.16453664885604877
K27me3,0.1970419675898101
K36me3,0.1023509421100591
R26me2,0.03214743763406341
R17me2,0.012799192306591068
K27ac,0.008710820051945144
K23me1,0.02782566741751364
K14me2,0.0105128893279837
K18me2,0.004739442512839441
K23me2,0.009637525508427745
K9me2,0.2557960969160251
K23ac,0.15247876810489402
K14me3,0.0046407727798275
K23me3,0.017222029818706717
K9me1,0.15392860692426327
K14me1,0.08210900798050214
R17me1,0.01695165447131043
R8me1,0.03029736429716664
K9me3,0.02472768917534224
K18me1,0.0220675776770648
K14ac,0.23501106733886606
K18ac,0.16816908287105833
K9ac,0.01719018554071138
K4me1,0.026134995023736497
