PTM Combination,Percentage Abundance
K4un,0.9896021137593033
R8un,0.9831934581606447
K9un,0.5160467942128849
K14un,0.5972835269198284
R17un,0.9766147653193401
K18un,0.8413910833449558
K23un,0.7376749985520237
R26un,0.9214697123032356
K27me2,0.4907499105025318
K36un,0.2722841426188357
K27un,0.10493645011130175
K36me2,0.5058359421358078
K27me3,0.29175088967938995
K27ac,0.029320403004138837
K36me1,0.13694369327149916
K27me1,0.08324234670262495
K36me3,0.08493622197384486
R26me1,0.05534346003609819
K14me2,0.0103539028808405
R26me2,0.0231868276606544
K23me1,0.017458275677221902
K18me1,0.037412649546257094
K23me2,0.04779520567544233
K9me1,0.20469337486553563
K14me1,0.11502671362639516
K9me2,0.24574871742980486
K23ac,0.13828236804504132
R17me1,0.019662410081298123
K9me3,0.03004901417631582
R8me1,0.016806541839343565
K18me2,0.018222082608346502
K23me3,0.05878915205025857
R17me2,0.003722824599349774
K14ac,0.274891134664548
K18ac,0.10297418450042833
K9ac,0.0034620993154467006
K14me3,0.0024447219083754963
K4me1,0.010397886240684759
