PTM Combination,Percentage Abundance
K4un,0.9785287443825972
R8un,0.9498769182428284
K9un,0.47745396955273206
K14un,0.6822208069641882
R17un,0.9645400434840264
K18un,0.827723657045483
K23un,0.8572067727126
R26un,0.881882603643623
K27me2,0.5130965505897291
K36un,0.17274910005756822
K27un,0.09905452797044077
K36me2,0.5597386212903013
K36me1,0.131793632182403
K27me3,0.21410715377785758
K36me3,0.1357186464697152
K27me1,0.16255062769270795
R26me1,0.0943701562852553
R26me2,0.023747240071109253
K14me1,0.12065331497246752
R17me1,0.0145710116259689
K23me1,0.030079692617202232
K9me2,0.2818155218189887
K23me2,0.014244934067486321
R8me1,0.05012308175715925
K9me1,0.20524797710655876
K14me2,0.014156742872687422
R17me2,0.0208889448899925
K14me3,0.0017535644468434
K18me1,0.0304727360147777
K18me2,0.003398060299832863
K27ac,0.011191139969252502
K23ac,0.08091297498718587
K18ac,0.13840554663989463
K14ac,0.18121557074380107
K4me1,0.021471255617390543
K9ac,0.022120047153397503
K9me3,0.0133624843683108
K23me3,0.017555625615513548
