PTM Combination,Percentage Abundance
K4un,0.9736645338407066
R8un,0.9734893905122151
K9un,0.5014069388598079
K14un,0.642459771171736
R17un,0.9754305681378772
K18un,0.8198338888829168
K23un,0.6793365144041397
R26un,0.8736040032970422
K27me2,0.4726334248070065
K36un,0.20700050063234815
R26me1,0.10298268285536837
K27me1,0.1590043008870145
K27un,0.1009286197916571
K36me2,0.5059165068010597
K36me1,0.16744549819479485
K9me2,0.30143754248974663
K27me3,0.22654814773829257
K36me3,0.11963749437178407
R26me2,0.023413313847576393
K18me2,0.012568466474836601
K23me2,0.03791184374471381
K23me1,0.03544539671030471
K23ac,0.15207262802713192
R17me2,0.011259146794378798
K18ac,0.12191832618124214
K9me1,0.1566781979107199
K14me1,0.08698309319772084
K27ac,0.040885506776016094
R17me1,0.013310285067730798
K14me2,0.0064825512283337
K18me1,0.0456793184609913
K9me3,0.014364872712664307
K23me3,0.09523361711369709
K14ac,0.2621165462203543
R8me1,0.026510609487771928
K9ac,0.026112448027047826
K4me1,0.0263354661592802
K14me3,0.0019580381818419
