PTM Combination,Percentage Abundance
K4un,0.9924936947454408
R8un,0.9840589183997779
K9un,0.11551432908555051
K14un,0.716081759245532
R17un,0.9425607435429438
K18un,0.8901928317260164
K23un,0.9353393914027979
R26un,0.9423931779789326
K27me2,0.21401617748461146
K36un,0.5600507361550958
K27me3,0.7113971464606318
K36me1,0.3044983809451034
R26me2,0.005282945925461096
R17me2,0.04988531765740039
K9me2,0.6763798423647014
K27me1,0.06191129668099318
K9me1,0.13615377180864202
K14me1,0.1343900857656879
K23me2,0.0064585314216893
R26me1,0.052323876095600096
R8me1,0.015941081600215897
K14me2,0.028017307037117297
K36me2,0.1252473452540756
K23me1,0.004078003281680016
K18me1,0.030732077109160198
R17me1,0.0075539387996494
K9me3,0.03949736076370689
K14me3,0.0016581179592349
K27ac,0.0057646712721087
K14ac,0.1198527299924219
K36me3,0.0102035376457192
K23ac,0.045912006943388
K18me2,0.0175011554417869
K18ac,0.06157393572303031
K27un,0.006910708101648929
K9ac,0.032454695977392894
K4me1,0.007506305254553001
K23me3,0.008212066950438529
