PTM Combination,Percentage Abundance
K4un,0.9927044524452797
R8un,0.9859707099319092
K9un,0.0775990193002117
K14un,0.8070757845001638
R17me1,0.0251074401492502
K18un,0.913832087688423
K23me1,0.0140425610533161
R26un,0.8738209965647448
K27me1,0.15627369470288027
K36un,0.6217581111276601
K9me1,0.1335428761184003
R17un,0.9611575733962591
K23un,0.9412754071060564
K27me2,0.2691297813510375
K36me1,0.1790076730457474
K27me3,0.5149670877707636
K23me2,0.0131048934583372
K14me1,0.10441127920736551
K9me2,0.6758860362135809
R17me2,0.0137349864544874
K36me2,0.17081873168710798
K14me2,0.0071642503002978
K18me1,0.0453310462134735
R8me1,0.0140292900680875
R26me1,0.1072678123107976
K9me3,0.1129720683678035
K27un,0.009309912113736399
K36me3,0.028415484139481
R26me2,0.0189111911244542
K27ac,0.050319524061578406
K14ac,0.0813486859921694
K18ac,0.037317973289334894
K18me2,0.0035188928087653
K23ac,0.0223836912453609
K4me1,0.0072955475547168
K23me3,0.0091934471369261
