PTM Combination,Percentage Abundance
K4un,0.9826356998613134
R8un,0.9855389607096563
K9un,0.70132812128386
K14un,0.6153765439952866
R17un,0.979214121253194
K18un,0.7998349651617813
K23un,0.6969654660555209
R26un,0.9512876635393672
K27un,0.12934219704094135
K36me2,0.44212819398331715
K27me2,0.45134450093750356
K36un,0.32807470013112583
K27me3,0.29839329356702604
K36me1,0.12300006067023589
K27ac,0.0200010312629928
K36me3,0.10679704521531182
K27me1,0.1009189771915268
K9me2,0.1831056583316923
R26me1,0.0253974391918453
K9me3,0.0375447213683323
K23me2,0.0291394365844669
K23me1,0.015011952560853397
R26me2,0.023314897268777418
K9me1,0.06488793237535391
K23ac,0.20411878839308656
K14me1,0.0299003370146487
R17me2,0.014110056072140298
K18ac,0.16656659790269357
K14me2,0.0035203806788749003
R17me1,0.0066758226746554995
K18me1,0.023186513543548698
R8me1,0.0144610392903335
K23me3,0.054764356406062406
K14ac,0.34092470220806526
K14me3,0.010278036103115
K9ac,0.013133566640751502
K4me1,0.0173643001386764
K18me2,0.0104119233919667
