PTM Combination,Percentage Abundance
K4un,0.9967777287159549
R8un,0.997837143571585
K9un,0.7760245265145282
K14un,0.6248029101230272
R17un,0.9757168629709954
K18un,0.7653506063908703
K23un,0.666024965219085
R26un,0.9630705302930107
K27me2,0.558224747445051
K36un,0.29148229909157436
K27un,0.06823625494289609
K36me2,0.5093504035632626
K27me3,0.3172064809671541
K36me1,0.1433000887995814
K27me1,0.05481361443604243
K23me2,0.0329947234741265
K36me3,0.0558672085455732
R26me2,0.018565328284415303
R26me1,0.018364141422565438
K9me2,0.1017831679883325
R17me2,0.0177033109458582
K9me1,0.07697299951211138
K14me1,0.072461765022886
K14me2,0.011392684603497499
K18me2,0.023709539612969798
K18me1,0.027492165139019503
K23me3,0.0809850561914897
K23ac,0.1891780375983456
K14ac,0.2873902364523761
R8me1,0.0021628564284065003
K18ac,0.18344768885713225
K23me1,0.0308172175169444
R17me1,0.0065798260831379
K9ac,0.026353681893412605
K27ac,0.0015189022088479
K9me3,0.0188656240916069
K14me3,0.0039524037982046996
K4me1,0.0032222712840366003
