PTM Combination,Percentage Abundance
K4un,0.9945739048018571
R8un,0.985519358115143
K9un,0.1025649024529931
K14un,0.7710947208003607
R17un,0.9450211786063835
K18un,0.9047304019506277
K23un,0.9369240840530391
R26un,0.9628258198467247
K27me3,0.7613832197330659
K36un,0.40575840022855747
K27me2,0.17555694546652775
K36me1,0.4498823422472901
R26me1,0.0349108334694807
K27un,0.009968166711330396
K36me3,0.014490185122643896
R17me2,0.0338775099594142
K9me1,0.09460127262854512
K14me1,0.09826610441588558
K9me2,0.7305202832643861
K27me1,0.0484600342558291
K14me2,0.028750734987485
K23me2,0.0081476930461675
R26me2,0.0022633466837898002
K36me2,0.1298690724015033
K18me2,0.017195508498859303
R17me1,0.0211013114341975
K9me3,0.0473396792291057
K18me1,0.020835946153501702
K23me3,0.0106985671153592
R8me1,0.014480641884852
K23me1,0.010931295577308198
K14ac,0.1018884397962635
K27ac,0.0046316338332418
K18ac,0.05723814339700641
K23ac,0.03329836020812091
K9ac,0.024973862424964903
K4me1,0.005426095198138
