PTM Combination,Percentage Abundance
K4un,0.8865836875932895
R8un,0.9999999999999993
K9un,0.6820456865082888
K14un,0.7195671030168538
R17un,0.9999999999999993
K18un,0.8300532999046788
K23un,0.8266726331501495
R26un,0.9252268847293775
K27me2,0.1820472189954851
K36un,0.2900599815488539
K18me2,0.0063598218636883
K27un,0.0063598218636883
K27me3,0.46662396135680256
R26me1,0.0747731152706218
K36me1,0.5402385163071961
K9me2,0.1482528113477612
K27ac,0.3449689977840234
K23ac,0.1733273668498499
K18ac,0.16358687823163232
K9me1,0.0562851897372396
K14me1,0.1697015021439494
K36me2,0.1697015021439494
K14ac,0.1107313948391961
K4me1,0.1134163124067098
K9ac,0.1134163124067098
