PTM Combination,Percentage Abundance
K4un,0.9890734615624784
R8un,0.956760145727526
K9me2,0.554224439429623
K14un,0.6804280491652952
R17un,0.9288281192615232
K18un,0.9293437997162572
K23un,0.9168497247457555
R26un,0.91229360746057
K27me1,0.13222575057021932
K36me1,0.21998647593963438
K9un,0.13542203403958605
R17me2,0.0259345040430503
K27me2,0.31435503629570516
K36un,0.379582492779235
R17me1,0.0452373766954248
K18me1,0.014962711172452901
K27un,0.0914062519343173
K36me2,0.2812579521942615
K9me1,0.2650660811008954
K14me1,0.1696577691957886
R8me1,0.043239854272472206
K36me3,0.11917307908686711
K27me3,0.34388362265450617
R26me1,0.0877063925394283
K18me2,0.0130218599544484
K27ac,0.11812933854525011
K23me1,0.042745906949732695
K23ac,0.025892000639339004
K9me3,0.0441027146332478
K14me3,0.0009118286834976
K18ac,0.042671629156839495
K14ac,0.14900235295541664
K23me3,0.0145123676651711
K4me1,0.0109265384375198
K9ac,0.0011847307966458
