PTM Combination,Percentage Abundance
K4un,0.9839342427970565
R8un,0.9717452514427394
K9un,0.14621338259368155
K14un,0.5119575376886133
R17un,0.9449386900105301
K18un,0.8326032204884741
K23un,0.8831310221693685
R26me1,0.0466104748864144
K27me2,0.26587307689070533
K36un,0.6671918075241977
K14me1,0.1034590292367209
R17me1,0.0190334611351147
R26un,0.9380330624229106
R17me2,0.0360278488543489
K9me2,0.5880160818771719
K27me1,0.06865865521544398
K36me1,0.03309409335813475
R8me1,0.028254748557254197
K9me1,0.19115181000215048
K36me2,0.21835444179374372
K27me3,0.6262360252196674
K9me3,0.039077892772172204
K14me2,0.030109257013958595
K27un,0.028671368319394753
K36me3,0.0813596573239172
K23me1,0.0114112304716604
K14me3,0.0023216395683478
K18me1,0.0753984005572476
K18me2,0.0182255642922945
R26me2,0.015356462690668598
K14ac,0.3521525364923528
K27ac,0.010560874354781901
K9ac,0.0355408327548174
K23ac,0.04778756492519589
K18ac,0.07377281466197728
K4me1,0.0160657572029371
K23me3,0.0140491156986108
K23me2,0.0436210667351579
