PTM Combination,Percentage Abundance
K4un,0.9913982313176272
R8un,0.9412229977691174
K9un,0.39037035750215654
K14un,0.7159994622171919
R17un,0.9691828384479353
K18un,0.8716639055429839
K23un,0.8880402333195555
R26un,0.8407741445654702
K27me1,0.1919142322038627
K36un,0.22689666312202186
K27un,0.10300957504363602
K36me2,0.4847151900736211
K27me2,0.44982951662959625
K36me1,0.13395103466291394
K27me3,0.24469257379704196
R26me1,0.1331995773656903
K27ac,0.010554102325851501
R26me2,0.0260262780688278
K23me1,0.0287791681032899
K36me3,0.15443711214143152
K9me2,0.34607267070944614
K23ac,0.060126595691833734
K9me3,0.0265219147848942
K9me1,0.22281962178935463
K14me1,0.15213806769561136
R8me1,0.058777002230870894
K23me2,0.0100847012088894
K14me2,0.0163422935334035
K18me1,0.02178042271406879
R17me1,0.021311721073883502
R17me2,0.009505440478169602
K14me3,0.0038332684559921003
K18me2,0.0046662095777328366
K14ac,0.11168690809778895
K4me1,0.008601768682361155
K23me3,0.012969301676419898
K18ac,0.10188946216520317
K9ac,0.01421543521413693
