PTM Combination,Percentage Abundance
K4un,0.9854894667869399
R8un,0.9268144323358656
K9me2,0.1358463130103774
K14un,0.4514471412745768
R17un,0.9469929655079512
K18un,0.9228592332257637
K23un,0.9649772654510032
R26un,0.8992006130253491
K27ac,0.024251202654699502
K36me1,0.0431998929472225
R26me1,0.0908457888614983
K27me3,0.29486872413445114
K36un,0.13836288145452272
K27me1,0.06770935606839071
K36me3,0.1375789465195968
R8me1,0.073185567664133
K9me1,0.4465249365191408
K27me2,0.6131707171424573
K36me2,0.6808582790786566
K9un,0.21971187721360239
K14ac,0.1954153427639446
K9me3,0.1677995619815311
K14me1,0.3207377052217213
K14me3,0.022991283872712598
K4me1,0.0145105332130587
K9ac,0.0301173112753468
K18me2,0.0249837034376538
R26me2,0.0099535981131512
K23me2,0.0302472043032078
R17me1,0.0530070344920473
K18me1,0.0446402671437547
K14me2,0.0094085268670433
K18ac,0.0075167961928265005
K23ac,0.0047755302457876
