PTM Combination,Percentage Abundance
K4un,0.9854412255409984
R8un,0.9674486627770535
K9un,0.5316294050720534
K14un,0.5907705066920893
R17un,0.9647032120723084
K18un,0.8336547990159251
K23un,0.8111702003601465
R26un,0.8784929903470787
K27me2,0.5478704063777733
K36un,0.15758451325952505
K27un,0.10088379435278828
K36me2,0.5774140659774384
R26me1,0.08689963411401981
K27me1,0.13421499817167515
K36me1,0.1520091119716231
K36me3,0.11299230879140232
K27me3,0.2098583714541116
R26me2,0.034607375538890234
K23me1,0.030694844155331514
K23ac,0.08564878441303579
K18ac,0.10952027950865623
K9me2,0.22025417804177996
K9me1,0.22424714660290146
K14me1,0.11883126973566958
R17me1,0.0224844051938328
R17me2,0.012812382733847757
K14me2,0.0167151980286139
R8me1,0.0325513372229352
K18me1,0.0525464568229361
K23me2,0.031148103996628495
K18me2,0.0042784646524711
K9ac,0.013396433597830302
K14ac,0.27274755105659254
K27ac,0.007172429643640255
K4me1,0.014558774458990136
K23me3,0.04133806707484643
K9me3,0.010472836685422931
K14me3,0.0009354744870232
