PTM Combination,Percentage Abundance
K4un,0.9930607188613292
R8un,0.8583950104503952
K9me1,0.2805592354620813
K14me1,0.18631343196828282
R17un,0.8170423804138007
K18un,0.9696693291160381
K23un,0.9555394971700364
R26un,0.8525864428207097
K27me2,0.4375549463191107
K36un,0.7476946764736507
R8me1,0.1416049895496034
K14un,0.7698054991123813
K9un,0.1918716381329268
R17me2,0.099282700779602
K9me2,0.49928009726255274
R26me1,0.1474135571792889
K27me1,0.202903587525399
K36me1,0.1423539548029436
K27me3,0.26817133806245025
R17me1,0.08367491880659589
K18me1,0.013413259288501
K27ac,0.0890148533674978
K36me3,0.0341666202473704
K36me2,0.07578474847603389
K23ac,0.014058386594430101
K14ac,0.037359864181175595
K18ac,0.0169174115954594
K9me3,0.028289029142437798
K4me1,0.0069392811386693
K23me2,0.0023552747255408
K27un,0.0023552747255408
K14me2,0.0065212047381588
K23me1,0.028046841509991302
