PTM Combination,Percentage Abundance
K4un,0.9984216516208159
R8un,0.9974734598028402
K9un,0.7432102750290612
K14un,0.6529899749601071
R17un,0.9503357325810428
K18un,0.8676742830178843
K23un,0.7121029212965125
R26un,0.911342337147648
K27me2,0.5264222031146906
K36un,0.2827893833154908
K27un,0.07794778015701381
K36me2,0.5090615109827585
K27me3,0.27607127595124936
R26me1,0.037305068916248
K36me1,0.135444400564817
R26me2,0.0513525939360959
K27me1,0.10791106911967291
K36me3,0.07270470513692562
K23ac,0.1416863635124797
K27ac,0.0116476716573652
K23me1,0.0270258003296488
K9me2,0.16125869569205817
K14me2,0.008340418497631199
K18me1,0.0127561458345021
K23me3,0.0850728814468084
R17me2,0.031486381076207
K14ac,0.275304314709191
K9me1,0.065447608705836
K14me1,0.060586339874484606
K18ac,0.09922343749192628
R17me1,0.0181778863427421
R8me1,0.0025265401971519
K9me3,0.0171599383880167
K23me2,0.0341120334145426
K9ac,0.0129234821850198
K4me1,0.0015783483791762
K18me2,0.0203461336556792
K14me3,0.002778951958578
